case;run;warmup;status;exit_code;tulip_mode;workflow_real_s;workflow_user_s;workflow_sys_s;phases_real_s;mab_real_s;mab_user_s;mab_sys_s;mvis_real_s;mvis_user_s;mvis_sys_s;tulip_real_s;tulip_user_s;tulip_sys_s;mab_attempts;mvis_attempts;tulip_attempts;original_component_types;original_assembly_components;original_deployed_components;original_operation_types;original_assembly_operations;original_deployed_operations;original_invocations;original_operation_dataflows;original_storage_dataflows;original_statistics_entries;original_source_entries;original_invocation_calls;final_component_types;final_assembly_components;final_deployed_components;final_operation_types;final_assembly_operations;final_deployed_operations;final_invocations;final_operation_dataflows;final_storage_dataflows;final_statistics_entries;final_source_entries;final_invocation_calls;original_model_bytes;model_bytes;reported_displayed_edges;consistency_errors;log;warnings
scipy_qta99;1;1;ok;0;requested;29.155861;59.215746;6.88062;29.145;22.916;41.112;5.399;4.22;11.713;1.258;2.009;6.386;0.22;1;1;1;1443;1443;1444;85273;85273;85273;95293;66784;3052;79186;478;;62;62;64;17935;17935;17936;29170;5350;749;24733;210;147706;176682586;40214592;1419;0;/home/macintosh/PCARP/benchmark-results/20260922-232121-sl2zpu3g/0001.log;
scipy_identity;1;1;ok;0;requested;240.2955;367.737038;15.46077;240.285;15.639;28.705;6.899;54.976;67.513;6.879;169.67;271.514;1.681;1;1;1;1443;1443;1444;85273;85273;85273;95293;66784;3052;79186;478;;1443;1443;1444;85273;85273;85273;95293;66784;3052;79186;478;;176682586;181556620;10032;;/home/macintosh/PCARP/benchmark-results/20260922-232121-sl2zpu3g/0002.log;
numpy_cf_qta85_qtf85;1;1;ok;0;requested;25.53708;62.652534;6.166765;25.527;13.45;33.424;4.169;6.71;16.401;1.823;5.367;12.82;0.173;1;1;1;638;638;638;39073;39073;39073;47267;23895;1343;10910;0;;108;108;108;25969;25969;25969;35361;12344;617;9680;0;23140;70500814;47371749;2377;0;/home/macintosh/PCARP/benchmark-results/20260922-232121-sl2zpu3g/0003.log;
scipy_ptf1;1;1;ok;0;requested;33.964685;87.323781;10.434451;33.953;24.461;53.946;7.805;6.862;18.319;2.542;2.63;15.05;0.086;1;1;1;1443;1443;1444;85273;85273;85273;95293;66784;3052;79186;478;;31;31;31;24601;24601;24601;21316;384;212;17637;164;36126;176682586;32979087;404;0;/home/macintosh/PCARP/benchmark-results/20260922-232121-sl2zpu3g/0004.log;
scipy_qtf99;1;1;ok;0;requested;26.664106;61.007258;8.314643;26.652;20.627;43.778;6.404;4.948;15.823;1.789;1.077;1.4;0.116;1;1;1;1443;1443;1444;85273;85273;85273;95293;66784;3052;79186;478;;15;15;15;17871;17871;17871;9106;27;161;7274;164;16634;176682586;18274388;113;0;/home/macintosh/PCARP/benchmark-results/20260922-232121-sl2zpu3g/0005.log;
scipy_pta25;1;1;ok;0;requested;32.627388;71.894694;7.506482;32.618;28.291;57.927;6.368;3.219;10.829;1.021;1.108;3.133;0.115;1;1;1;1443;1443;1444;85273;85273;85273;95293;66784;3052;79186;478;;33;33;35;3724;3724;3725;5549;403;578;4969;24;147706;176682586;8261075;333;0;/home/macintosh/PCARP/benchmark-results/20260922-232121-sl2zpu3g/0006.log;
anytree_cluster;1;1;ok;0;requested;4.634995;14.393557;1.021335;4.628;2.002;7.053;0.63;1.77;5.715;0.31;0.856;1.619;0.081;1;1;1;85;85;93;576;576;576;387;202;53;388;224;;85;85;93;576;576;576;387;202;53;388;224;727;937572;939499;172;0;/home/macintosh/PCARP/benchmark-results/20260922-232121-sl2zpu3g/0007.log;
uxsim_identity;1;1;ok;0;requested;9.808101;36.231947;2.64195;9.798;2.558;9.198;0.844;4.926;17.721;1.638;2.314;9.308;0.156;1;1;1;72;72;78;2247;2247;2247;1353;1389;148;1352;229;;72;72;78;2247;2247;2247;1353;1389;148;1352;229;;3583096;3702644;200;;/home/macintosh/PCARP/benchmark-results/20260922-232121-sl2zpu3g/0008.log;
uxsim_pd1;1;1;ok;0;requested;14.170455;75.243162;3.06303;14.16;3.629;13.124;1.009;2.894;10.095;0.832;7.637;52.015;1.222;1;1;1;72;72;78;2247;2247;2247;1353;1389;148;1352;229;;53;53;55;1194;1194;1196;1142;750;12;1142;43;66140;3583096;2257210;179;0;/home/macintosh/PCARP/benchmark-results/20260922-232121-sl2zpu3g/0009.log;
numpy_identity;1;1;ok;0;requested;93.097587;218.648239;12.432447;93.086;14.961;34.012;6.203;22.683;41.0;4.177;55.442;143.626;2.053;1;1;1;638;638;638;39073;39073;39073;47267;23895;1343;10910;0;;638;638;638;39073;39073;39073;47267;23895;1343;10910;0;;70500814;72101336;5422;;/home/macintosh/PCARP/benchmark-results/20260922-232121-sl2zpu3g/0010.log;
numpy_pd0;1;1;ok;0;requested;40.778616;170.537713;10.448946;40.764;21.331;58.331;6.349;4.827;13.363;1.164;14.606;98.843;2.924;1;1;1;638;638;638;39073;39073;39073;47267;23895;1343;10910;0;;46;46;46;46;46;46;456;307;276;287;0;23885;70500814;1000866;456;0;/home/macintosh/PCARP/benchmark-results/20260922-232121-sl2zpu3g/0011.log;
anytree_identity;1;1;ok;0;requested;7.271156;23.464199;1.84557;7.258;3.477;11.713;1.126;2.284;7.205;0.616;1.497;4.536;0.103;1;1;1;85;85;93;576;576;576;387;202;53;388;224;;85;85;93;576;576;576;387;202;53;388;224;;937572;977868;172;;/home/macintosh/PCARP/benchmark-results/20260922-232121-sl2zpu3g/0012.log;
scipy_identity;2;1;ok;0;requested;442.012105;815.859606;37.575078;441.932;46.138;80.893;19.706;96.649;129.963;13.874;299.145;604.995;3.924;1;1;1;1443;1443;1444;85273;85273;85273;95293;66784;3052;79186;478;;1443;1443;1444;85273;85273;85273;95293;66784;3052;79186;478;;176682586;181556620;10032;;/home/macintosh/PCARP/benchmark-results/20260922-232121-sl2zpu3g/0013.log;
scipy_qta99;2;1;ok;0;requested;29.595931;61.188328;6.905412;29.574;22.875;40.464;5.224;5.106;15.147;1.521;1.593;5.571;0.145;1;1;1;1443;1443;1444;85273;85273;85273;95293;66784;3052;79186;478;;62;62;64;17935;17935;17936;29170;5350;749;24733;210;147706;176682586;40214592;1419;0;/home/macintosh/PCARP/benchmark-results/20260922-232121-sl2zpu3g/0014.log;
numpy_cf_qta85_qtf85;2;1;ok;0;requested;19.603625;51.407023;5.317791;19.589;11.47;29.675;3.813;4.811;13.203;1.332;3.308;8.521;0.167;1;1;1;638;638;638;39073;39073;39073;47267;23895;1343;10910;0;;108;108;108;25969;25969;25969;35361;12344;617;9680;0;23140;70500814;47371749;2377;0;/home/macintosh/PCARP/benchmark-results/20260922-232121-sl2zpu3g/0015.log;
scipy_qtf99;2;1;ok;0;requested;19.921132;45.084907;6.01279;19.913;15.905;33.479;5.171;3.096;10.463;0.777;0.912;1.139;0.061;1;1;1;1443;1443;1444;85273;85273;85273;95293;66784;3052;79186;478;;15;15;15;17871;17871;17871;9106;27;161;7274;164;16634;176682586;18274388;113;0;/home/macintosh/PCARP/benchmark-results/20260922-232121-sl2zpu3g/0016.log;
anytree_identity;2;1;ok;0;requested;2.914075;8.789994;0.612404;2.908;1.103;3.673;0.266;1.109;3.483;0.294;0.696;1.627;0.052;1;1;1;85;85;93;576;576;576;387;202;53;388;224;;85;85;93;576;576;576;387;202;53;388;224;;937572;977868;172;;/home/macintosh/PCARP/benchmark-results/20260922-232121-sl2zpu3g/0017.log;
scipy_pta25;2;1;ok;0;requested;23.602831;48.022312;5.252475;23.595;20.891;37.997;4.635;1.686;5.496;0.524;1.018;4.524;0.09;1;1;1;1443;1443;1444;85273;85273;85273;95293;66784;3052;79186;478;;33;33;35;3724;3724;3725;5549;403;578;4969;24;147706;176682586;8261075;333;0;/home/macintosh/PCARP/benchmark-results/20260922-232121-sl2zpu3g/0018.log;
uxsim_pd1;2;1;ok;0;requested;5.14938;17.44;1.344075;5.143;3.143;11.754;0.928;1.353;4.373;0.351;0.647;1.308;0.064;1;1;1;72;72;78;2247;2247;2247;1353;1389;148;1352;229;;53;53;55;1194;1194;1196;1142;750;12;1142;43;66140;3583096;2257210;179;0;/home/macintosh/PCARP/benchmark-results/20260922-232121-sl2zpu3g/0019.log;
scipy_ptf1;2;1;ok;0;requested;21.82825;51.908718;6.547572;21.815;17.403;38.662;5.454;3.583;10.918;1.039;0.829;2.324;0.048;1;1;1;1443;1443;1444;85273;85273;85273;95293;66784;3052;79186;478;;31;31;31;24601;24601;24601;21316;384;212;17637;164;36126;176682586;32979087;404;0;/home/macintosh/PCARP/benchmark-results/20260922-232121-sl2zpu3g/0020.log;
uxsim_identity;2;1;ok;0;requested;5.46714;21.570782;1.462467;5.46;2.02;7.279;0.649;1.639;5.453;0.46;1.801;8.835;0.351;1;1;1;72;72;78;2247;2247;2247;1353;1389;148;1352;229;;72;72;78;2247;2247;2247;1353;1389;148;1352;229;;3583096;3702644;200;;/home/macintosh/PCARP/benchmark-results/20260922-232121-sl2zpu3g/0021.log;
numpy_pd0;2;1;ok;0;requested;7.906915;20.829123;2.064786;7.9;6.182;15.896;1.803;0.964;2.931;0.209;0.754;1.998;0.05;1;1;1;638;638;638;39073;39073;39073;47267;23895;1343;10910;0;;46;46;46;46;46;46;456;307;276;287;0;23885;70500814;1000866;456;0;/home/macintosh/PCARP/benchmark-results/20260922-232121-sl2zpu3g/0022.log;
anytree_cluster;2;1;ok;0;requested;3.029468;8.874124;0.756354;3.023;1.406;4.865;0.413;0.989;2.967;0.278;0.628;1.04;0.061;1;1;1;85;85;93;576;576;576;387;202;53;388;224;;85;85;93;576;576;576;387;202;53;388;224;727;937572;939499;172;0;/home/macintosh/PCARP/benchmark-results/20260922-232121-sl2zpu3g/0023.log;
numpy_identity;2;1;ok;0;requested;47.781603;91.334724;6.913679;47.764;9.254;21.217;3.839;11.531;21.065;2.71;26.979;49.047;0.352;1;1;1;638;638;638;39073;39073;39073;47267;23895;1343;10910;0;;638;638;638;39073;39073;39073;47267;23895;1343;10910;0;;70500814;72101336;5422;;/home/macintosh/PCARP/benchmark-results/20260922-232121-sl2zpu3g/0024.log;
scipy_ptf1;1;0;ok;0;requested;21.237769;49.132315;6.253201;21.227;16.872;36.504;5.09;3.591;10.561;1.08;0.764;2.068;0.073;1;1;1;1443;1443;1444;85273;85273;85273;95293;66784;3052;79186;478;;31;31;31;24601;24601;24601;21316;384;212;17637;164;36126;176682586;32979087;404;0;/home/macintosh/PCARP/benchmark-results/20260922-232121-sl2zpu3g/0025.log;
anytree_identity;1;0;ok;0;requested;3.025114;8.870774;0.68352;3.017;1.18;3.75;0.344;1.161;3.5;0.288;0.676;1.615;0.049;1;1;1;85;85;93;576;576;576;387;202;53;388;224;;85;85;93;576;576;576;387;202;53;388;224;;937572;977868;172;;/home/macintosh/PCARP/benchmark-results/20260922-232121-sl2zpu3g/0026.log;
scipy_identity;1;0;ok;0;requested;222.752132;303.729556;15.102374;222.719;16.214;29.33;7.466;45.123;55.978;6.743;161.382;218.416;0.866;1;1;1;1443;1443;1444;85273;85273;85273;95293;66784;3052;79186;478;;1443;1443;1444;85273;85273;85273;95293;66784;3052;79186;478;;176682586;181556620;10032;;/home/macintosh/PCARP/benchmark-results/20260922-232121-sl2zpu3g/0027.log;
numpy_cf_qta85_qtf85;1;0;ok;0;requested;23.140088;63.247657;5.737421;23.127;12.423;31.255;3.701;5.653;14.433;1.367;5.051;17.558;0.659;1;1;1;638;638;638;39073;39073;39073;47267;23895;1343;10910;0;;108;108;108;25969;25969;25969;35361;12344;617;9680;0;23140;70500814;47371749;2377;0;/home/macintosh/PCARP/benchmark-results/20260922-232121-sl2zpu3g/0028.log;
anytree_cluster;1;0;ok;0;requested;3.535209;10.371398;0.765989;3.528;1.603;5.554;0.386;1.182;3.47;0.307;0.743;1.345;0.068;1;1;1;85;85;93;576;576;576;387;202;53;388;224;;85;85;93;576;576;576;387;202;53;388;224;727;937572;939499;172;0;/home/macintosh/PCARP/benchmark-results/20260922-232121-sl2zpu3g/0029.log;
numpy_pd0;1;0;ok;0;requested;10.203668;26.932244;2.577792;10.195;7.974;20.3;2.206;1.18;3.464;0.272;1.041;3.164;0.095;1;1;1;638;638;638;39073;39073;39073;47267;23895;1343;10910;0;;46;46;46;46;46;46;456;307;276;287;0;23885;70500814;1000866;456;0;/home/macintosh/PCARP/benchmark-results/20260922-232121-sl2zpu3g/0030.log;
scipy_pta25;1;0;ok;0;requested;32.951565;67.801137;7.638311;32.938;29.245;56.395;6.735;2.638;8.952;0.785;1.055;2.447;0.112;1;1;1;1443;1443;1444;85273;85273;85273;95293;66784;3052;79186;478;;33;33;35;3724;3724;3725;5549;403;578;4969;24;147706;176682586;8261075;333;0;/home/macintosh/PCARP/benchmark-results/20260922-232121-sl2zpu3g/0031.log;
numpy_identity;1;0;ok;0;requested;52.417193;98.940575;7.234914;52.398;11.236;26.005;4.318;11.569;21.142;2.564;29.593;51.789;0.339;1;1;1;638;638;638;39073;39073;39073;47267;23895;1343;10910;0;;638;638;638;39073;39073;39073;47267;23895;1343;10910;0;;70500814;72101336;5422;;/home/macintosh/PCARP/benchmark-results/20260922-232121-sl2zpu3g/0032.log;
uxsim_pd1;1;0;ok;0;requested;4.41989;14.095022;1.135675;4.412;2.343;8.1;0.726;1.393;4.643;0.339;0.676;1.348;0.067;1;1;1;72;72;78;2247;2247;2247;1353;1389;148;1352;229;;53;53;55;1194;1194;1196;1142;750;12;1142;43;66140;3583096;2257210;179;0;/home/macintosh/PCARP/benchmark-results/20260922-232121-sl2zpu3g/0033.log;
scipy_qtf99;1;0;ok;0;requested;23.012404;53.745466;6.778739;23.003;19.379;42.856;5.836;3.012;9.825;0.885;0.612;1.061;0.053;1;1;1;1443;1443;1444;85273;85273;85273;95293;66784;3052;79186;478;;15;15;15;17871;17871;17871;9106;27;161;7274;164;16634;176682586;18274388;113;0;/home/macintosh/PCARP/benchmark-results/20260922-232121-sl2zpu3g/0034.log;
scipy_qta99;1;0;ok;0;requested;30.984302;63.149682;7.299527;30.97;24.439;43.814;5.914;4.731;13.492;1.248;1.8;5.844;0.123;1;1;1;1443;1443;1444;85273;85273;85273;95293;66784;3052;79186;478;;62;62;64;17935;17935;17936;29170;5350;749;24733;210;147706;176682586;40214592;1419;0;/home/macintosh/PCARP/benchmark-results/20260922-232121-sl2zpu3g/0035.log;
uxsim_identity;1;0;ok;0;requested;5.393878;18.573173;1.362782;5.386;2.559;9.4;0.761;1.942;6.476;0.508;0.885;2.692;0.092;1;1;1;72;72;78;2247;2247;2247;1353;1389;148;1352;229;;72;72;78;2247;2247;2247;1353;1389;148;1352;229;;3583096;3702644;200;;/home/macintosh/PCARP/benchmark-results/20260922-232121-sl2zpu3g/0036.log;
anytree_cluster;2;0;ok;0;requested;3.076093;8.887483;0.650409;3.069;1.365;4.655;0.358;1.023;3.141;0.195;0.681;1.086;0.096;1;1;1;85;85;93;576;576;576;387;202;53;388;224;;85;85;93;576;576;576;387;202;53;388;224;727;937572;939499;172;0;/home/macintosh/PCARP/benchmark-results/20260922-232121-sl2zpu3g/0037.log;
scipy_ptf1;2;0;ok;0;requested;22.754746;52.970403;7.217028;22.742;17.607;36.708;5.869;4.28;13.155;1.269;0.855;3.102;0.074;1;1;1;1443;1443;1444;85273;85273;85273;95293;66784;3052;79186;478;;31;31;31;24601;24601;24601;21316;384;212;17637;164;36126;176682586;32979087;404;0;/home/macintosh/PCARP/benchmark-results/20260922-232121-sl2zpu3g/0038.log;
scipy_qta99;2;0;ok;0;requested;29.441782;60.166114;6.804924;29.43;22.994;41.463;5.315;4.306;12.239;1.32;2.13;6.458;0.164;1;1;1;1443;1443;1444;85273;85273;85273;95293;66784;3052;79186;478;;62;62;64;17935;17935;17936;29170;5350;749;24733;210;147706;176682586;40214592;1419;0;/home/macintosh/PCARP/benchmark-results/20260922-232121-sl2zpu3g/0039.log;
uxsim_pd1;2;0;ok;0;requested;4.028928;13.173562;0.942995;4.022;2.126;7.705;0.56;1.257;4.168;0.322;0.639;1.294;0.061;1;1;1;72;72;78;2247;2247;2247;1353;1389;148;1352;229;;53;53;55;1194;1194;1196;1142;750;12;1142;43;66140;3583096;2257210;179;0;/home/macintosh/PCARP/benchmark-results/20260922-232121-sl2zpu3g/0040.log;
anytree_identity;2;0;ok;0;requested;2.979129;8.927954;0.641834;2.973;1.155;3.824;0.282;1.123;3.453;0.297;0.695;1.645;0.063;1;1;1;85;85;93;576;576;576;387;202;53;388;224;;85;85;93;576;576;576;387;202;53;388;224;;937572;977868;172;;/home/macintosh/PCARP/benchmark-results/20260922-232121-sl2zpu3g/0041.log;
numpy_cf_qta85_qtf85;2;0;ok;0;requested;19.919656;50.615523;4.860561;19.906;12.086;30.601;3.475;4.482;11.43;1.15;3.338;8.578;0.227;1;1;1;638;638;638;39073;39073;39073;47267;23895;1343;10910;0;;108;108;108;25969;25969;25969;35361;12344;617;9680;0;23140;70500814;47371749;2377;0;/home/macintosh/PCARP/benchmark-results/20260922-232121-sl2zpu3g/0042.log;
numpy_identity;2;0;ok;0;requested;44.967621;81.375318;5.906318;44.952;7.597;17.923;3.065;11.17;20.209;2.576;26.185;43.238;0.255;1;1;1;638;638;638;39073;39073;39073;47267;23895;1343;10910;0;;638;638;638;39073;39073;39073;47267;23895;1343;10910;0;;70500814;72101336;5422;;/home/macintosh/PCARP/benchmark-results/20260922-232121-sl2zpu3g/0043.log;
scipy_pta25;2;0;ok;0;requested;23.288436;46.640416;5.039564;23.28;20.351;36.744;4.44;1.894;6.35;0.504;1.035;3.541;0.092;1;1;1;1443;1443;1444;85273;85273;85273;95293;66784;3052;79186;478;;33;33;35;3724;3724;3725;5549;403;578;4969;24;147706;176682586;8261075;333;0;/home/macintosh/PCARP/benchmark-results/20260922-232121-sl2zpu3g/0044.log;
scipy_qtf99;2;0;ok;0;requested;20.508852;44.716225;6.091268;20.501;16.815;35.142;5.299;2.637;8.523;0.692;1.049;1.046;0.097;1;1;1;1443;1443;1444;85273;85273;85273;95293;66784;3052;79186;478;;15;15;15;17871;17871;17871;9106;27;161;7274;164;16634;176682586;18274388;113;0;/home/macintosh/PCARP/benchmark-results/20260922-232121-sl2zpu3g/0045.log;
numpy_pd0;2;0;ok;0;requested;8.036066;22.112995;2.168623;8.029;6.283;17.243;1.862;0.989;2.928;0.24;0.757;1.939;0.063;1;1;1;638;638;638;39073;39073;39073;47267;23895;1343;10910;0;;46;46;46;46;46;46;456;307;276;287;0;23885;70500814;1000866;456;0;/home/macintosh/PCARP/benchmark-results/20260922-232121-sl2zpu3g/0046.log;
scipy_identity;2;0;ok;0;requested;212.566439;342.874016;15.279626;212.532;15.713;28.551;6.894;46.093;57.62;6.445;150.726;256.701;1.908;1;1;1;1443;1443;1444;85273;85273;85273;95293;66784;3052;79186;478;;1443;1443;1444;85273;85273;85273;95293;66784;3052;79186;478;;176682586;181556620;10032;;/home/macintosh/PCARP/benchmark-results/20260922-232121-sl2zpu3g/0047.log;
uxsim_identity;2;0;ok;0;requested;4.025925;12.720857;1.11734;4.019;2.013;6.549;0.662;1.359;4.504;0.387;0.647;1.664;0.065;1;1;1;72;72;78;2247;2247;2247;1353;1389;148;1352;229;;72;72;78;2247;2247;2247;1353;1389;148;1352;229;;3583096;3702644;200;;/home/macintosh/PCARP/benchmark-results/20260922-232121-sl2zpu3g/0048.log;
anytree_cluster;3;0;ok;0;requested;2.675931;7.886572;0.551739;2.669;1.222;4.149;0.294;0.916;2.751;0.219;0.531;0.98;0.039;1;1;1;85;85;93;576;576;576;387;202;53;388;224;;85;85;93;576;576;576;387;202;53;388;224;727;937572;939499;172;0;/home/macintosh/PCARP/benchmark-results/20260922-232121-sl2zpu3g/0049.log;
numpy_identity;3;0;ok;0;requested;45.598259;86.761527;5.832346;45.583;7.409;18.159;2.872;11.033;21.29;2.628;27.141;47.309;0.321;1;1;1;638;638;638;39073;39073;39073;47267;23895;1343;10910;0;;638;638;638;39073;39073;39073;47267;23895;1343;10910;0;;70500814;72101336;5422;;/home/macintosh/PCARP/benchmark-results/20260922-232121-sl2zpu3g/0050.log;
uxsim_identity;3;0;ok;0;requested;3.901482;13.562523;1.027766;3.895;1.665;5.772;0.571;1.364;4.426;0.408;0.866;3.361;0.046;1;1;1;72;72;78;2247;2247;2247;1353;1389;148;1352;229;;72;72;78;2247;2247;2247;1353;1389;148;1352;229;;3583096;3702644;200;;/home/macintosh/PCARP/benchmark-results/20260922-232121-sl2zpu3g/0051.log;
numpy_cf_qta85_qtf85;3;0;ok;0;requested;19.647857;48.308698;4.79819;19.635;10.799;26.744;3.422;4.927;12.226;1.226;3.909;9.333;0.144;1;1;1;638;638;638;39073;39073;39073;47267;23895;1343;10910;0;;108;108;108;25969;25969;25969;35361;12344;617;9680;0;23140;70500814;47371749;2377;0;/home/macintosh/PCARP/benchmark-results/20260922-232121-sl2zpu3g/0052.log;
scipy_qta99;3;0;ok;0;requested;30.25916;59.837997;6.748658;30.247;23.714;40.46;5.364;4.96;14.29;1.24;1.573;5.083;0.138;1;1;1;1443;1443;1444;85273;85273;85273;95293;66784;3052;79186;478;;62;62;64;17935;17935;17936;29170;5350;749;24733;210;147706;176682586;40214592;1419;0;/home/macintosh/PCARP/benchmark-results/20260922-232121-sl2zpu3g/0053.log;
scipy_identity;3;0;ok;0;requested;197.538913;271.100151;13.67682;197.511;15.647;28.712;6.797;41.372;50.153;6.362;140.492;192.226;0.5;1;1;1;1443;1443;1444;85273;85273;85273;95293;66784;3052;79186;478;;1443;1443;1444;85273;85273;85273;95293;66784;3052;79186;478;;176682586;181556620;10032;;/home/macintosh/PCARP/benchmark-results/20260922-232121-sl2zpu3g/0054.log;
scipy_qtf99;3;0;ok;0;requested;18.02526;39.873478;5.747903;18.018;15.135;31.592;4.964;2.354;7.476;0.733;0.529;0.798;0.05;1;1;1;1443;1443;1444;85273;85273;85273;95293;66784;3052;79186;478;;15;15;15;17871;17871;17871;9106;27;161;7274;164;16634;176682586;18274388;113;0;/home/macintosh/PCARP/benchmark-results/20260922-232121-sl2zpu3g/0055.log;
uxsim_pd1;3;0;ok;0;requested;4.664145;14.876073;1.258495;4.657;1.876;6.668;0.496;2.164;6.806;0.719;0.617;1.395;0.043;1;1;1;72;72;78;2247;2247;2247;1353;1389;148;1352;229;;53;53;55;1194;1194;1196;1142;750;12;1142;43;66140;3583096;2257210;179;0;/home/macintosh/PCARP/benchmark-results/20260922-232121-sl2zpu3g/0056.log;
anytree_identity;3;0;ok;0;requested;2.767964;8.255763;0.562864;2.762;1.089;3.581;0.267;1.022;3.095;0.236;0.651;1.576;0.058;1;1;1;85;85;93;576;576;576;387;202;53;388;224;;85;85;93;576;576;576;387;202;53;388;224;;937572;977868;172;;/home/macintosh/PCARP/benchmark-results/20260922-232121-sl2zpu3g/0057.log;
scipy_pta25;3;0;ok;0;requested;23.522628;47.322181;5.127266;23.514;20.574;35.672;4.535;1.737;5.748;0.53;1.203;5.899;0.058;1;1;1;1443;1443;1444;85273;85273;85273;95293;66784;3052;79186;478;;33;33;35;3724;3724;3725;5549;403;578;4969;24;147706;176682586;8261075;333;0;/home/macintosh/PCARP/benchmark-results/20260922-232121-sl2zpu3g/0058.log;
numpy_pd0;3;0;ok;0;requested;7.932707;20.599975;2.135328;7.925;6.176;15.703;1.85;0.993;2.97;0.243;0.756;1.924;0.038;1;1;1;638;638;638;39073;39073;39073;47267;23895;1343;10910;0;;46;46;46;46;46;46;456;307;276;287;0;23885;70500814;1000866;456;0;/home/macintosh/PCARP/benchmark-results/20260922-232121-sl2zpu3g/0059.log;
scipy_ptf1;3;0;ok;0;requested;20.657737;47.262353;5.950975;20.647;16.607;35.804;4.964;3.329;9.753;0.931;0.711;1.702;0.049;1;1;1;1443;1443;1444;85273;85273;85273;95293;66784;3052;79186;478;;31;31;31;24601;24601;24601;21316;384;212;17637;164;36126;176682586;32979087;404;0;/home/macintosh/PCARP/benchmark-results/20260922-232121-sl2zpu3g/0060.log;
scipy_qta99;4;0;ok;0;requested;29.684266;61.866387;6.943724;29.673;23.746;42.754;5.523;4.068;11.253;1.265;1.859;7.857;0.147;1;1;1;1443;1443;1444;85273;85273;85273;95293;66784;3052;79186;478;;62;62;64;17935;17935;17936;29170;5350;749;24733;210;147706;176682586;40214592;1419;0;/home/macintosh/PCARP/benchmark-results/20260922-232121-sl2zpu3g/0061.log;
numpy_cf_qta85_qtf85;4;0;ok;0;requested;20.372686;53.251423;5.349246;20.357;11.438;27.287;3.687;4.443;11.402;1.134;4.476;14.56;0.516;1;1;1;638;638;638;39073;39073;39073;47267;23895;1343;10910;0;;108;108;108;25969;25969;25969;35361;12344;617;9680;0;23140;70500814;47371749;2377;0;/home/macintosh/PCARP/benchmark-results/20260922-232121-sl2zpu3g/0062.log;
scipy_identity;4;0;ok;0;requested;197.850283;264.919889;13.307326;197.821;15.066;26.258;6.697;44.075;54.314;6.063;138.68;184.339;0.528;1;1;1;1443;1443;1444;85273;85273;85273;95293;66784;3052;79186;478;;1443;1443;1444;85273;85273;85273;95293;66784;3052;79186;478;;176682586;181556620;10032;;/home/macintosh/PCARP/benchmark-results/20260922-232121-sl2zpu3g/0063.log;
scipy_ptf1;4;0;ok;0;requested;19.461543;44.232693;6.058191;19.451;15.733;33.913;4.944;3.022;8.803;1.039;0.696;1.512;0.069;1;1;1;1443;1443;1444;85273;85273;85273;95293;66784;3052;79186;478;;31;31;31;24601;24601;24601;21316;384;212;17637;164;36126;176682586;32979087;404;0;/home/macintosh/PCARP/benchmark-results/20260922-232121-sl2zpu3g/0064.log;
scipy_pta25;4;0;ok;0;requested;23.220451;44.399977;5.068944;23.213;20.904;37.288;4.518;1.673;5.595;0.469;0.636;1.512;0.08;1;1;1;1443;1443;1444;85273;85273;85273;95293;66784;3052;79186;478;;33;33;35;3724;3724;3725;5549;403;578;4969;24;147706;176682586;8261075;333;0;/home/macintosh/PCARP/benchmark-results/20260922-232121-sl2zpu3g/0065.log;
anytree_identity;4;0;ok;0;requested;2.805317;8.242628;0.62914;2.798;1.086;3.437;0.266;1.066;3.321;0.285;0.646;1.481;0.075;1;1;1;85;85;93;576;576;576;387;202;53;388;224;;85;85;93;576;576;576;387;202;53;388;224;;937572;977868;172;;/home/macintosh/PCARP/benchmark-results/20260922-232121-sl2zpu3g/0066.log;
scipy_qtf99;4;0;ok;0;requested;17.626423;39.935808;5.414027;17.618;14.927;32.277;4.697;2.197;6.93;0.661;0.494;0.725;0.051;1;1;1;1443;1443;1444;85273;85273;85273;95293;66784;3052;79186;478;;15;15;15;17871;17871;17871;9106;27;161;7274;164;16634;176682586;18274388;113;0;/home/macintosh/PCARP/benchmark-results/20260922-232121-sl2zpu3g/0067.log;
uxsim_pd1;4;0;ok;0;requested;4.078673;12.613958;0.97988;4.07;1.992;6.973;0.608;1.503;4.375;0.316;0.575;1.264;0.049;1;1;1;72;72;78;2247;2247;2247;1353;1389;148;1352;229;;53;53;55;1194;1194;1196;1142;750;12;1142;43;66140;3583096;2257210;179;0;/home/macintosh/PCARP/benchmark-results/20260922-232121-sl2zpu3g/0068.log;
uxsim_identity;4;0;ok;0;requested;3.699147;11.823032;1.011964;3.693;1.625;5.65;0.568;1.412;4.624;0.38;0.656;1.543;0.064;1;1;1;72;72;78;2247;2247;2247;1353;1389;148;1352;229;;72;72;78;2247;2247;2247;1353;1389;148;1352;229;;3583096;3702644;200;;/home/macintosh/PCARP/benchmark-results/20260922-232121-sl2zpu3g/0069.log;
numpy_identity;4;0;ok;0;requested;43.428791;75.580458;5.644383;43.411;6.913;16.153;2.808;10.57;18.585;2.556;25.928;40.837;0.267;1;1;1;638;638;638;39073;39073;39073;47267;23895;1343;10910;0;;638;638;638;39073;39073;39073;47267;23895;1343;10910;0;;70500814;72101336;5422;;/home/macintosh/PCARP/benchmark-results/20260922-232121-sl2zpu3g/0070.log;
numpy_pd0;4;0;ok;0;requested;7.14921;18.421229;1.873769;7.142;5.482;13.783;1.634;0.931;2.737;0.198;0.729;1.898;0.038;1;1;1;638;638;638;39073;39073;39073;47267;23895;1343;10910;0;;46;46;46;46;46;46;456;307;276;287;0;23885;70500814;1000866;456;0;/home/macintosh/PCARP/benchmark-results/20260922-232121-sl2zpu3g/0071.log;
anytree_cluster;4;0;ok;0;requested;3.339021;8.855063;0.771039;3.332;1.203;3.847;0.336;1.175;3.636;0.328;0.954;1.366;0.106;1;1;1;85;85;93;576;576;576;387;202;53;388;224;;85;85;93;576;576;576;387;202;53;388;224;727;937572;939499;172;0;/home/macintosh/PCARP/benchmark-results/20260922-232121-sl2zpu3g/0072.log;
scipy_pta25;5;0;ok;0;requested;22.904159;45.024409;4.680377;22.896;20.171;35.199;4.127;1.761;5.798;0.506;0.964;4.02;0.047;1;1;1;1443;1443;1444;85273;85273;85273;95293;66784;3052;79186;478;;33;33;35;3724;3724;3725;5549;403;578;4969;24;147706;176682586;8261075;333;0;/home/macintosh/PCARP/benchmark-results/20260922-232121-sl2zpu3g/0073.log;
uxsim_identity;5;0;ok;0;requested;3.724893;11.973296;1.055576;3.719;1.701;5.847;0.617;1.39;4.605;0.385;0.628;1.516;0.052;1;1;1;72;72;78;2247;2247;2247;1353;1389;148;1352;229;;72;72;78;2247;2247;2247;1353;1389;148;1352;229;;3583096;3702644;200;;/home/macintosh/PCARP/benchmark-results/20260922-232121-sl2zpu3g/0074.log;
uxsim_pd1;5;0;ok;0;requested;4.222843;12.719946;1.046337;4.216;1.833;6.565;0.532;1.801;5.002;0.454;0.582;1.151;0.056;1;1;1;72;72;78;2247;2247;2247;1353;1389;148;1352;229;;53;53;55;1194;1194;1196;1142;750;12;1142;43;66140;3583096;2257210;179;0;/home/macintosh/PCARP/benchmark-results/20260922-232121-sl2zpu3g/0075.log;
numpy_identity;5;0;ok;0;requested;42.945812;74.843725;5.225062;42.931;6.76;16.664;2.642;10.389;17.474;2.332;25.782;40.701;0.24;1;1;1;638;638;638;39073;39073;39073;47267;23895;1343;10910;0;;638;638;638;39073;39073;39073;47267;23895;1343;10910;0;;70500814;72101336;5422;;/home/macintosh/PCARP/benchmark-results/20260922-232121-sl2zpu3g/0076.log;
scipy_qtf99;5;0;ok;0;requested;17.605821;40.64588;5.435688;17.597;14.868;32.887;4.74;2.199;6.935;0.634;0.53;0.818;0.059;1;1;1;1443;1443;1444;85273;85273;85273;95293;66784;3052;79186;478;;15;15;15;17871;17871;17871;9106;27;161;7274;164;16634;176682586;18274388;113;0;/home/macintosh/PCARP/benchmark-results/20260922-232121-sl2zpu3g/0077.log;
scipy_qta99;5;0;ok;0;requested;28.949084;58.199996;6.361772;28.937;22.723;39.315;4.977;4.591;13.46;1.273;1.623;5.419;0.106;1;1;1;1443;1443;1444;85273;85273;85273;95293;66784;3052;79186;478;;62;62;64;17935;17935;17936;29170;5350;749;24733;210;147706;176682586;40214592;1419;0;/home/macintosh/PCARP/benchmark-results/20260922-232121-sl2zpu3g/0078.log;
numpy_pd0;5;0;ok;0;requested;7.412024;19.3344;1.966335;7.405;5.668;14.461;1.634;0.97;2.808;0.245;0.767;2.059;0.088;1;1;1;638;638;638;39073;39073;39073;47267;23895;1343;10910;0;;46;46;46;46;46;46;456;307;276;287;0;23885;70500814;1000866;456;0;/home/macintosh/PCARP/benchmark-results/20260922-232121-sl2zpu3g/0079.log;
scipy_ptf1;5;0;ok;0;requested;20.637973;47.581763;6.321928;20.626;16.088;33.228;5.123;3.652;11.184;1.068;0.886;3.167;0.123;1;1;1;1443;1443;1444;85273;85273;85273;95293;66784;3052;79186;478;;31;31;31;24601;24601;24601;21316;384;212;17637;164;36126;176682586;32979087;404;0;/home/macintosh/PCARP/benchmark-results/20260922-232121-sl2zpu3g/0080.log;
anytree_cluster;5;0;ok;0;requested;2.858486;8.353518;0.64793;2.851;1.247;4.089;0.317;1.03;3.222;0.263;0.574;1.041;0.062;1;1;1;85;85;93;576;576;576;387;202;53;388;224;;85;85;93;576;576;576;387;202;53;388;224;727;937572;939499;172;0;/home/macintosh/PCARP/benchmark-results/20260922-232121-sl2zpu3g/0081.log;
numpy_cf_qta85_qtf85;5;0;ok;0;requested;18.695627;46.318409;4.759849;18.683;11.072;26.886;3.489;4.331;11.211;1.137;3.28;8.221;0.123;1;1;1;638;638;638;39073;39073;39073;47267;23895;1343;10910;0;;108;108;108;25969;25969;25969;35361;12344;617;9680;0;23140;70500814;47371749;2377;0;/home/macintosh/PCARP/benchmark-results/20260922-232121-sl2zpu3g/0082.log;
scipy_identity;5;0;ok;0;requested;206.108171;277.604557;15.050717;206.079;16.895;28.624;7.437;48.06;59.313;7.023;141.124;189.666;0.563;1;1;1;1443;1443;1444;85273;85273;85273;95293;66784;3052;79186;478;;1443;1443;1444;85273;85273;85273;95293;66784;3052;79186;478;;176682586;181556620;10032;;/home/macintosh/PCARP/benchmark-results/20260922-232121-sl2zpu3g/0083.log;
anytree_identity;5;0;ok;0;requested;2.657857;7.889309;0.600505;2.652;1.064;3.309;0.304;0.976;3.072;0.236;0.612;1.503;0.059;1;1;1;85;85;93;576;576;576;387;202;53;388;224;;85;85;93;576;576;576;387;202;53;388;224;;937572;977868;172;;/home/macintosh/PCARP/benchmark-results/20260922-232121-sl2zpu3g/0084.log;
numpy_identity;6;0;ok;0;requested;45.549261;88.484192;5.978788;45.531;7.815;18.713;3.154;10.468;19.688;2.39;27.248;50.078;0.422;1;1;1;638;638;638;39073;39073;39073;47267;23895;1343;10910;0;;638;638;638;39073;39073;39073;47267;23895;1343;10910;0;;70500814;72101336;5422;;/home/macintosh/PCARP/benchmark-results/20260922-232121-sl2zpu3g/0085.log;
anytree_identity;6;0;ok;0;requested;3.337201;9.572061;0.732864;3.331;1.135;3.649;0.354;1.12;3.577;0.286;1.076;2.343;0.09;1;1;1;85;85;93;576;576;576;387;202;53;388;224;;85;85;93;576;576;576;387;202;53;388;224;;937572;977868;172;;/home/macintosh/PCARP/benchmark-results/20260922-232121-sl2zpu3g/0086.log;
anytree_cluster;6;0;ok;0;requested;2.743899;7.914065;0.646371;2.737;1.219;3.956;0.327;0.921;2.705;0.256;0.597;1.249;0.061;1;1;1;85;85;93;576;576;576;387;202;53;388;224;;85;85;93;576;576;576;387;202;53;388;224;727;937572;939499;172;0;/home/macintosh/PCARP/benchmark-results/20260922-232121-sl2zpu3g/0087.log;
numpy_pd0;6;0;ok;0;requested;7.7649;20.473475;2.116545;7.758;6.021;15.578;1.805;0.99;2.939;0.214;0.747;1.949;0.097;1;1;1;638;638;638;39073;39073;39073;47267;23895;1343;10910;0;;46;46;46;46;46;46;456;307;276;287;0;23885;70500814;1000866;456;0;/home/macintosh/PCARP/benchmark-results/20260922-232121-sl2zpu3g/0088.log;
uxsim_pd1;6;0;ok;0;requested;4.791891;14.892145;1.154075;4.785;2.131;7.545;0.633;1.487;5.137;0.418;1.167;2.205;0.102;1;1;1;72;72;78;2247;2247;2247;1353;1389;148;1352;229;;53;53;55;1194;1194;1196;1142;750;12;1142;43;66140;3583096;2257210;179;0;/home/macintosh/PCARP/benchmark-results/20260922-232121-sl2zpu3g/0089.log;
scipy_identity;6;0;ok;0;requested;205.472968;287.7227;13.662634;205.442;15.808;30.623;6.799;44.627;55.434;6.249;145.007;201.662;0.587;1;1;1;1443;1443;1444;85273;85273;85273;95293;66784;3052;79186;478;;1443;1443;1444;85273;85273;85273;95293;66784;3052;79186;478;;176682586;181556620;10032;;/home/macintosh/PCARP/benchmark-results/20260922-232121-sl2zpu3g/0090.log;
scipy_qtf99;6;0;ok;0;requested;19.172652;43.98786;6.175355;19.163;15.914;34.492;5.317;2.652;8.646;0.785;0.597;0.847;0.067;1;1;1;1443;1443;1444;85273;85273;85273;95293;66784;3052;79186;478;;15;15;15;17871;17871;17871;9106;27;161;7274;164;16634;176682586;18274388;113;0;/home/macintosh/PCARP/benchmark-results/20260922-232121-sl2zpu3g/0091.log;
scipy_pta25;6;0;ok;0;requested;24.250039;47.909107;5.563241;24.243;21.817;40.53;4.919;1.785;5.755;0.582;0.641;1.617;0.061;1;1;1;1443;1443;1444;85273;85273;85273;95293;66784;3052;79186;478;;33;33;35;3724;3724;3725;5549;403;578;4969;24;147706;176682586;8261075;333;0;/home/macintosh/PCARP/benchmark-results/20260922-232121-sl2zpu3g/0092.log;
scipy_qta99;6;0;ok;0;requested;30.011093;62.52475;7.137693;29.999;24.018;44.517;5.619;4.47;13.012;1.337;1.511;4.991;0.176;1;1;1;1443;1443;1444;85273;85273;85273;95293;66784;3052;79186;478;;62;62;64;17935;17935;17936;29170;5350;749;24733;210;147706;176682586;40214592;1419;0;/home/macintosh/PCARP/benchmark-results/20260922-232121-sl2zpu3g/0093.log;
numpy_cf_qta85_qtf85;6;0;ok;0;requested;19.781268;49.182204;4.755681;19.754;11.05;27.206;3.412;5.281;12.45;1.179;3.423;9.524;0.142;1;1;1;638;638;638;39073;39073;39073;47267;23895;1343;10910;0;;108;108;108;25969;25969;25969;35361;12344;617;9680;0;23140;70500814;47371749;2377;0;/home/macintosh/PCARP/benchmark-results/20260922-232121-sl2zpu3g/0094.log;
uxsim_identity;6;0;ok;0;requested;4.018505;12.943168;1.107062;4.012;1.773;6.181;0.58;1.557;5.115;0.446;0.682;1.647;0.075;1;1;1;72;72;78;2247;2247;2247;1353;1389;148;1352;229;;72;72;78;2247;2247;2247;1353;1389;148;1352;229;;3583096;3702644;200;;/home/macintosh/PCARP/benchmark-results/20260922-232121-sl2zpu3g/0095.log;
scipy_ptf1;6;0;ok;0;requested;22.868639;52.859204;6.987212;22.858;17.855;38.414;5.482;4.296;12.675;1.452;0.707;1.763;0.051;1;1;1;1443;1443;1444;85273;85273;85273;95293;66784;3052;79186;478;;31;31;31;24601;24601;24601;21316;384;212;17637;164;36126;176682586;32979087;404;0;/home/macintosh/PCARP/benchmark-results/20260922-232121-sl2zpu3g/0096.log;
anytree_identity;7;0;ok;0;requested;2.971944;8.794996;0.686959;2.965;1.183;3.8;0.346;1.136;3.516;0.272;0.646;1.473;0.069;1;1;1;85;85;93;576;576;576;387;202;53;388;224;;85;85;93;576;576;576;387;202;53;388;224;;937572;977868;172;;/home/macintosh/PCARP/benchmark-results/20260922-232121-sl2zpu3g/0097.log;
uxsim_pd1;7;0;ok;0;requested;4.088003;13.164696;1.041862;4.08;2.138;7.64;0.605;1.336;4.373;0.351;0.606;1.149;0.081;1;1;1;72;72;78;2247;2247;2247;1353;1389;148;1352;229;;53;53;55;1194;1194;1196;1142;750;12;1142;43;66140;3583096;2257210;179;0;/home/macintosh/PCARP/benchmark-results/20260922-232121-sl2zpu3g/0098.log;
scipy_ptf1;7;0;ok;0;requested;22.614014;50.180109;6.964965;22.603;17.916;37.322;5.7;3.942;11.037;1.205;0.745;1.813;0.056;1;1;1;1443;1443;1444;85273;85273;85273;95293;66784;3052;79186;478;;31;31;31;24601;24601;24601;21316;384;212;17637;164;36126;176682586;32979087;404;0;/home/macintosh/PCARP/benchmark-results/20260922-232121-sl2zpu3g/0099.log;
scipy_qta99;7;0;ok;0;requested;29.64448;61.85927;6.642733;29.632;23.106;41.214;5.128;4.902;14.992;1.334;1.624;5.651;0.172;1;1;1;1443;1443;1444;85273;85273;85273;95293;66784;3052;79186;478;;62;62;64;17935;17935;17936;29170;5350;749;24733;210;147706;176682586;40214592;1419;0;/home/macintosh/PCARP/benchmark-results/20260922-232121-sl2zpu3g/0100.log;
numpy_pd0;7;0;ok;0;requested;8.225439;23.166182;2.134533;8.218;6.246;16.598;1.83;1.004;3.051;0.206;0.968;3.514;0.094;1;1;1;638;638;638;39073;39073;39073;47267;23895;1343;10910;0;;46;46;46;46;46;46;456;307;276;287;0;23885;70500814;1000866;456;0;/home/macintosh/PCARP/benchmark-results/20260922-232121-sl2zpu3g/0101.log;
scipy_qtf99;7;0;ok;0;requested;20.500499;47.032718;6.276591;20.492;16.831;36.79;5.245;3.097;9.36;0.997;0.564;0.877;0.032;1;1;1;1443;1443;1444;85273;85273;85273;95293;66784;3052;79186;478;;15;15;15;17871;17871;17871;9106;27;161;7274;164;16634;176682586;18274388;113;0;/home/macintosh/PCARP/benchmark-results/20260922-232121-sl2zpu3g/0102.log;
numpy_cf_qta85_qtf85;7;0;ok;0;requested;19.382165;50.159795;4.501133;19.371;10.684;27.542;2.925;5.195;12.687;1.389;3.492;9.925;0.182;1;1;1;638;638;638;39073;39073;39073;47267;23895;1343;10910;0;;108;108;108;25969;25969;25969;35361;12344;617;9680;0;23140;70500814;47371749;2377;0;/home/macintosh/PCARP/benchmark-results/20260922-232121-sl2zpu3g/0103.log;
scipy_pta25;7;0;ok;0;requested;23.996618;49.153574;5.286682;23.989;20.794;39.407;4.506;2.502;8.165;0.715;0.693;1.577;0.064;1;1;1;1443;1443;1444;85273;85273;85273;95293;66784;3052;79186;478;;33;33;35;3724;3724;3725;5549;403;578;4969;24;147706;176682586;8261075;333;0;/home/macintosh/PCARP/benchmark-results/20260922-232121-sl2zpu3g/0104.log;
scipy_identity;7;0;ok;0;requested;200.543775;269.38319;13.526491;200.514;15.669;27.331;6.717;44.379;55.062;6.299;140.466;186.984;0.486;1;1;1;1443;1443;1444;85273;85273;85273;95293;66784;3052;79186;478;;1443;1443;1444;85273;85273;85273;95293;66784;3052;79186;478;;176682586;181556620;10032;;/home/macintosh/PCARP/benchmark-results/20260922-232121-sl2zpu3g/0105.log;
anytree_cluster;7;0;ok;0;requested;2.735249;7.847224;0.643937;2.729;1.237;4.153;0.295;0.938;2.715;0.288;0.554;0.972;0.06;1;1;1;85;85;93;576;576;576;387;202;53;388;224;;85;85;93;576;576;576;387;202;53;388;224;727;937572;939499;172;0;/home/macintosh/PCARP/benchmark-results/20260922-232121-sl2zpu3g/0106.log;
uxsim_identity;7;0;ok;0;requested;4.669996;15.635875;1.324479;4.663;2.524;9.037;0.87;1.481;5.041;0.371;0.658;1.556;0.079;1;1;1;72;72;78;2247;2247;2247;1353;1389;148;1352;229;;72;72;78;2247;2247;2247;1353;1389;148;1352;229;;3583096;3702644;200;;/home/macintosh/PCARP/benchmark-results/20260922-232121-sl2zpu3g/0107.log;
numpy_identity;7;0;ok;0;requested;44.923913;80.567839;5.760505;44.907;7.264;17.967;2.868;11.226;19.754;2.563;26.417;42.846;0.314;1;1;1;638;638;638;39073;39073;39073;47267;23895;1343;10910;0;;638;638;638;39073;39073;39073;47267;23895;1343;10910;0;;70500814;72101336;5422;;/home/macintosh/PCARP/benchmark-results/20260922-232121-sl2zpu3g/0108.log;
numpy_identity;8;0;ok;0;requested;44.383589;80.539127;5.836746;44.368;6.817;15.999;2.795;11.166;21.026;2.677;26.385;43.506;0.357;1;1;1;638;638;638;39073;39073;39073;47267;23895;1343;10910;0;;638;638;638;39073;39073;39073;47267;23895;1343;10910;0;;70500814;72101336;5422;;/home/macintosh/PCARP/benchmark-results/20260922-232121-sl2zpu3g/0109.log;
scipy_identity;8;0;ok;0;requested;200.264845;270.536649;13.465117;200.237;14.776;28.316;6.65;43.865;53.989;6.252;141.596;188.229;0.538;1;1;1;1443;1443;1444;85273;85273;85273;95293;66784;3052;79186;478;;1443;1443;1444;85273;85273;85273;95293;66784;3052;79186;478;;176682586;181556620;10032;;/home/macintosh/PCARP/benchmark-results/20260922-232121-sl2zpu3g/0110.log;
uxsim_identity;8;0;ok;0;requested;4.132397;13.463397;1.167371;4.125;1.994;6.958;0.642;1.475;4.991;0.46;0.656;1.51;0.063;1;1;1;72;72;78;2247;2247;2247;1353;1389;148;1352;229;;72;72;78;2247;2247;2247;1353;1389;148;1352;229;;3583096;3702644;200;;/home/macintosh/PCARP/benchmark-results/20260922-232121-sl2zpu3g/0111.log;
scipy_ptf1;8;0;ok;0;requested;21.290427;48.839994;6.24047;21.281;16.738;34.706;5.081;3.65;11.112;1.06;0.893;3.02;0.092;1;1;1;1443;1443;1444;85273;85273;85273;95293;66784;3052;79186;478;;31;31;31;24601;24601;24601;21316;384;212;17637;164;36126;176682586;32979087;404;0;/home/macintosh/PCARP/benchmark-results/20260922-232121-sl2zpu3g/0112.log;
scipy_qtf99;8;0;ok;0;requested;21.116902;54.753719;7.228552;21.108;16.536;35.875;5.327;2.532;8.038;0.752;2.04;10.833;1.149;1;1;1;1443;1443;1444;85273;85273;85273;95293;66784;3052;79186;478;;15;15;15;17871;17871;17871;9106;27;161;7274;164;16634;176682586;18274388;113;0;/home/macintosh/PCARP/benchmark-results/20260922-232121-sl2zpu3g/0113.log;
anytree_cluster;8;0;ok;0;requested;3.132494;9.572108;0.653601;3.125;1.418;4.846;0.36;1.032;3.132;0.237;0.675;1.587;0.056;1;1;1;85;85;93;576;576;576;387;202;53;388;224;;85;85;93;576;576;576;387;202;53;388;224;727;937572;939499;172;0;/home/macintosh/PCARP/benchmark-results/20260922-232121-sl2zpu3g/0114.log;
numpy_pd0;8;0;ok;0;requested;7.852643;21.293829;1.896621;7.846;6.061;16.196;1.601;1.016;3.045;0.238;0.769;2.047;0.057;1;1;1;638;638;638;39073;39073;39073;47267;23895;1343;10910;0;;46;46;46;46;46;46;456;307;276;287;0;23885;70500814;1000866;456;0;/home/macintosh/PCARP/benchmark-results/20260922-232121-sl2zpu3g/0115.log;
uxsim_pd1;8;0;ok;0;requested;4.810267;14.330637;1.135485;4.803;2.021;7.186;0.559;2.153;5.909;0.494;0.629;1.232;0.078;1;1;1;72;72;78;2247;2247;2247;1353;1389;148;1352;229;;53;53;55;1194;1194;1196;1142;750;12;1142;43;66140;3583096;2257210;179;0;/home/macintosh/PCARP/benchmark-results/20260922-232121-sl2zpu3g/0116.log;
numpy_cf_qta85_qtf85;8;0;ok;0;requested;19.50276;47.080665;4.85456;19.49;10.567;25.485;3.168;5.592;13.059;1.524;3.331;8.531;0.156;1;1;1;638;638;638;39073;39073;39073;47267;23895;1343;10910;0;;108;108;108;25969;25969;25969;35361;12344;617;9680;0;23140;70500814;47371749;2377;0;/home/macintosh/PCARP/benchmark-results/20260922-232121-sl2zpu3g/0117.log;
scipy_qta99;8;0;ok;0;requested;29.904077;60.358405;7.57682;29.892;23.83;41.753;6.006;4.395;12.473;1.414;1.667;6.124;0.153;1;1;1;1443;1443;1444;85273;85273;85273;95293;66784;3052;79186;478;;62;62;64;17935;17935;17936;29170;5350;749;24733;210;147706;176682586;40214592;1419;0;/home/macintosh/PCARP/benchmark-results/20260922-232121-sl2zpu3g/0118.log;
anytree_identity;8;0;ok;0;requested;3.016584;8.918662;0.736817;3.01;1.162;3.696;0.356;1.163;3.601;0.305;0.685;1.615;0.075;1;1;1;85;85;93;576;576;576;387;202;53;388;224;;85;85;93;576;576;576;387;202;53;388;224;;937572;977868;172;;/home/macintosh/PCARP/benchmark-results/20260922-232121-sl2zpu3g/0119.log;
scipy_pta25;8;0;ok;0;requested;24.462031;46.039777;5.799034;24.455;21.898;38.118;5.172;1.807;6.027;0.545;0.75;1.89;0.08;1;1;1;1443;1443;1444;85273;85273;85273;95293;66784;3052;79186;478;;33;33;35;3724;3724;3725;5549;403;578;4969;24;147706;176682586;8261075;333;0;/home/macintosh/PCARP/benchmark-results/20260922-232121-sl2zpu3g/0120.log;
numpy_pd0;9;0;ok;0;requested;7.817687;20.957914;2.078678;7.812;6.048;15.897;1.798;0.99;3.025;0.236;0.774;2.029;0.044;1;1;1;638;638;638;39073;39073;39073;47267;23895;1343;10910;0;;46;46;46;46;46;46;456;307;276;287;0;23885;70500814;1000866;456;0;/home/macintosh/PCARP/benchmark-results/20260922-232121-sl2zpu3g/0121.log;
scipy_qta99;9;0;ok;0;requested;29.649546;59.072498;7.207818;29.639;23.731;41.414;5.843;4.286;12.546;1.218;1.622;5.108;0.141;1;1;1;1443;1443;1444;85273;85273;85273;95293;66784;3052;79186;478;;62;62;64;17935;17935;17936;29170;5350;749;24733;210;147706;176682586;40214592;1419;0;/home/macintosh/PCARP/benchmark-results/20260922-232121-sl2zpu3g/0122.log;
anytree_cluster;9;0;ok;0;requested;3.917448;12.063252;1.049504;3.911;2.167;7.841;0.678;1.106;3.182;0.26;0.638;1.035;0.11;1;1;1;85;85;93;576;576;576;387;202;53;388;224;;85;85;93;576;576;576;387;202;53;388;224;727;937572;939499;172;0;/home/macintosh/PCARP/benchmark-results/20260922-232121-sl2zpu3g/0123.log;
anytree_identity;9;0;ok;0;requested;3.023389;9.034295;0.666301;3.018;1.124;3.68;0.314;1.197;3.766;0.333;0.697;1.582;0.018;1;1;1;85;85;93;576;576;576;387;202;53;388;224;;85;85;93;576;576;576;387;202;53;388;224;;937572;977868;172;;/home/macintosh/PCARP/benchmark-results/20260922-232121-sl2zpu3g/0124.log;
numpy_identity;9;0;ok;0;requested;45.051131;82.768893;5.994448;45.036;7.61;18.64;2.975;11.285;20.884;2.74;26.141;43.243;0.267;1;1;1;638;638;638;39073;39073;39073;47267;23895;1343;10910;0;;638;638;638;39073;39073;39073;47267;23895;1343;10910;0;;70500814;72101336;5422;;/home/macintosh/PCARP/benchmark-results/20260922-232121-sl2zpu3g/0125.log;
scipy_ptf1;9;0;ok;0;requested;20.730141;48.114585;6.428992;20.721;16.455;36.231;5.181;3.583;10.439;1.143;0.683;1.44;0.1;1;1;1;1443;1443;1444;85273;85273;85273;95293;66784;3052;79186;478;;31;31;31;24601;24601;24601;21316;384;212;17637;164;36126;176682586;32979087;404;0;/home/macintosh/PCARP/benchmark-results/20260922-232121-sl2zpu3g/0126.log;
uxsim_pd1;9;0;ok;0;requested;9.01876;27.318197;2.535097;9.012;3.932;13.977;1.318;4.435;12.059;1.144;0.645;1.276;0.072;1;1;1;72;72;78;2247;2247;2247;1353;1389;148;1352;229;;53;53;55;1194;1194;1196;1142;750;12;1142;43;66140;3583096;2257210;179;0;/home/macintosh/PCARP/benchmark-results/20260922-232121-sl2zpu3g/0127.log;
numpy_cf_qta85_qtf85;9;0;ok;0;requested;19.27824;49.93929;4.687231;19.266;11.116;29.133;3.284;4.797;12.142;1.192;3.353;8.659;0.205;1;1;1;638;638;638;39073;39073;39073;47267;23895;1343;10910;0;;108;108;108;25969;25969;25969;35361;12344;617;9680;0;23140;70500814;47371749;2377;0;/home/macintosh/PCARP/benchmark-results/20260922-232121-sl2zpu3g/0128.log;
uxsim_identity;9;0;ok;0;requested;4.635492;13.905822;1.182973;4.628;1.725;5.967;0.559;1.765;5.849;0.517;1.138;2.083;0.106;1;1;1;72;72;78;2247;2247;2247;1353;1389;148;1352;229;;72;72;78;2247;2247;2247;1353;1389;148;1352;229;;3583096;3702644;200;;/home/macintosh/PCARP/benchmark-results/20260922-232121-sl2zpu3g/0129.log;
scipy_identity;9;0;ok;0;requested;202.759155;274.894515;13.923007;202.728;16.252;27.683;7.388;45.299;57.121;6.074;141.177;190.09;0.43;1;1;1;1443;1443;1444;85273;85273;85273;95293;66784;3052;79186;478;;1443;1443;1444;85273;85273;85273;95293;66784;3052;79186;478;;176682586;181556620;10032;;/home/macintosh/PCARP/benchmark-results/20260922-232121-sl2zpu3g/0130.log;
scipy_pta25;9;0;ok;0;requested;23.172173;42.854992;5.188602;23.164;20.722;35.408;4.573;1.718;5.687;0.563;0.724;1.756;0.049;1;1;1;1443;1443;1444;85273;85273;85273;95293;66784;3052;79186;478;;33;33;35;3724;3724;3725;5549;403;578;4969;24;147706;176682586;8261075;333;0;/home/macintosh/PCARP/benchmark-results/20260922-232121-sl2zpu3g/0131.log;
scipy_qtf99;9;0;ok;0;requested;20.294869;48.400551;5.714496;20.286;17.289;39.772;4.955;2.382;7.647;0.696;0.615;0.98;0.056;1;1;1;1443;1443;1444;85273;85273;85273;95293;66784;3052;79186;478;;15;15;15;17871;17871;17871;9106;27;161;7274;164;16634;176682586;18274388;113;0;/home/macintosh/PCARP/benchmark-results/20260922-232121-sl2zpu3g/0132.log;
scipy_ptf1;10;0;ok;0;requested;22.16826;48.885416;7.447295;22.159;17.402;36.002;5.867;4.076;11.35;1.489;0.681;1.53;0.086;1;1;1;1443;1443;1444;85273;85273;85273;95293;66784;3052;79186;478;;31;31;31;24601;24601;24601;21316;384;212;17637;164;36126;176682586;32979087;404;0;/home/macintosh/PCARP/benchmark-results/20260922-232121-sl2zpu3g/0133.log;
numpy_identity;10;0;ok;0;requested;45.647653;82.634606;6.069998;45.634;7.53;18.386;3.082;11.645;21.026;2.667;26.459;43.219;0.31;1;1;1;638;638;638;39073;39073;39073;47267;23895;1343;10910;0;;638;638;638;39073;39073;39073;47267;23895;1343;10910;0;;70500814;72101336;5422;;/home/macintosh/PCARP/benchmark-results/20260922-232121-sl2zpu3g/0134.log;
scipy_identity;10;0;ok;0;requested;199.424843;278.526186;14.287022;199.397;15.386;28.071;6.93;39.966;50.041;6.724;144.045;200.412;0.607;1;1;1;1443;1443;1444;85273;85273;85273;95293;66784;3052;79186;478;;1443;1443;1444;85273;85273;85273;95293;66784;3052;79186;478;;176682586;181556620;10032;;/home/macintosh/PCARP/benchmark-results/20260922-232121-sl2zpu3g/0135.log;
anytree_cluster;10;0;ok;0;requested;3.166332;8.91264;0.611898;3.159;1.326;4.618;0.331;1.266;3.287;0.234;0.567;1.002;0.045;1;1;1;85;85;93;576;576;576;387;202;53;388;224;;85;85;93;576;576;576;387;202;53;388;224;727;937572;939499;172;0;/home/macintosh/PCARP/benchmark-results/20260922-232121-sl2zpu3g/0136.log;
scipy_qta99;10;0;ok;0;requested;28.533549;59.192828;6.497336;28.522;22.396;40.604;5.021;4.255;11.906;1.306;1.871;6.678;0.164;1;1;1;1443;1443;1444;85273;85273;85273;95293;66784;3052;79186;478;;62;62;64;17935;17935;17936;29170;5350;749;24733;210;147706;176682586;40214592;1419;0;/home/macintosh/PCARP/benchmark-results/20260922-232121-sl2zpu3g/0137.log;
uxsim_pd1;10;0;ok;0;requested;4.116128;13.438584;0.891692;4.11;2.152;7.824;0.528;1.325;4.402;0.306;0.633;1.211;0.052;1;1;1;72;72;78;2247;2247;2247;1353;1389;148;1352;229;;53;53;55;1194;1194;1196;1142;750;12;1142;43;66140;3583096;2257210;179;0;/home/macintosh/PCARP/benchmark-results/20260922-232121-sl2zpu3g/0138.log;
uxsim_identity;10;0;ok;0;requested;4.273414;13.928134;1.244096;4.266;1.956;6.907;0.744;1.595;5.238;0.439;0.715;1.779;0.058;1;1;1;72;72;78;2247;2247;2247;1353;1389;148;1352;229;;72;72;78;2247;2247;2247;1353;1389;148;1352;229;;3583096;3702644;200;;/home/macintosh/PCARP/benchmark-results/20260922-232121-sl2zpu3g/0139.log;
scipy_qtf99;10;0;ok;0;requested;21.568094;49.858147;6.403656;21.557;17.998;39.404;5.578;2.67;9.168;0.733;0.889;1.284;0.083;1;1;1;1443;1443;1444;85273;85273;85273;95293;66784;3052;79186;478;;15;15;15;17871;17871;17871;9106;27;161;7274;164;16634;176682586;18274388;113;0;/home/macintosh/PCARP/benchmark-results/20260922-232121-sl2zpu3g/0140.log;
numpy_pd0;10;0;ok;0;requested;8.069287;21.238467;2.087527;8.062;6.178;15.864;1.772;1.047;3.089;0.267;0.837;2.281;0.047;1;1;1;638;638;638;39073;39073;39073;47267;23895;1343;10910;0;;46;46;46;46;46;46;456;307;276;287;0;23885;70500814;1000866;456;0;/home/macintosh/PCARP/benchmark-results/20260922-232121-sl2zpu3g/0141.log;
scipy_pta25;10;0;ok;0;requested;23.902671;48.175933;5.432456;23.894;21.439;40.604;4.839;1.797;6.046;0.503;0.658;1.522;0.087;1;1;1;1443;1443;1444;85273;85273;85273;95293;66784;3052;79186;478;;33;33;35;3724;3724;3725;5549;403;578;4969;24;147706;176682586;8261075;333;0;/home/macintosh/PCARP/benchmark-results/20260922-232121-sl2zpu3g/0142.log;
numpy_cf_qta85_qtf85;10;0;ok;0;requested;19.943749;54.137493;4.945331;19.932;10.693;27.125;3.144;5.524;15.368;1.582;3.715;11.644;0.208;1;1;1;638;638;638;39073;39073;39073;47267;23895;1343;10910;0;;108;108;108;25969;25969;25969;35361;12344;617;9680;0;23140;70500814;47371749;2377;0;/home/macintosh/PCARP/benchmark-results/20260922-232121-sl2zpu3g/0143.log;
anytree_identity;10;0;ok;0;requested;2.833908;8.386736;0.666833;2.827;1.038;3.279;0.282;1.092;3.406;0.319;0.697;1.699;0.062;1;1;1;85;85;93;576;576;576;387;202;53;388;224;;85;85;93;576;576;576;387;202;53;388;224;;937572;977868;172;;/home/macintosh/PCARP/benchmark-results/20260922-232121-sl2zpu3g/0144.log;
