case;tulip_mode;metric;n;median;q1;q3;minimum;maximum
scipy_ptf1;requested;workflow_real_s;10;21.264.098;20.675.838.000.000.000;22.502.575.500.000.000;19.461.543;22.868.639
scipy_ptf1;requested;workflow_user_s;10;48.862.705;47.714.968.500.000.000;499.181.605;44.232.693;52.970.403
scipy_ptf1;requested;workflow_sys_s;10;637.546;624.365.275;698.165.025;5.950.975;7.447.295
scipy_ptf1;requested;phases_real_s;10;21.253.999.999.999.900;20.665.499.999.999.900;22.491.999.999.999.900;19.451;22.858
scipy_ptf1;requested;mab_real_s;10;16.805;16.493;1.755.575;15.733;17.916
scipy_ptf1;requested;mab_user_s;10;361.165;34.980.500.000.000.000;36.657;33.228;38.414
scipy_ptf1;requested;mab_sys_s;10;5.152;50.832.500.000.000.000;56.455;4.944;5.869
scipy_ptf1;requested;mvis_real_s;10;3.651;3.585;40.424.999.999.999.900;3.022;4.296
scipy_ptf1;requested;mvis_user_s;10;110.745;104.695;11.308.499.999.999.900;8.803;13.155
scipy_ptf1;requested;mvis_sys_s;10;11.115;1.062;1.253;0.931;1.489
scipy_ptf1;requested;tulip_real_s;10;0.728;0.69875;0.8322499999999999;0.681;0.893
scipy_ptf1;requested;tulip_user_s;10;17.879.999.999.999.900;1.573;2.782;Jan 44;3.167
scipy_ptf1;requested;tulip_sys_s;10;0.0735;0.059250000000000004;0.0905;0.049;0.123
scipy_ptf1;requested;original_component_types;10;1443.0;1443.0;1443.0;1443;1443
scipy_ptf1;requested;original_assembly_components;10;1443.0;1443.0;1443.0;1443;1443
scipy_ptf1;requested;original_deployed_components;10;1444.0;1444.0;1444.0;1444;1444
scipy_ptf1;requested;original_operation_types;10;85273.0;85273.0;85273.0;85273;85273
scipy_ptf1;requested;original_assembly_operations;10;85273.0;85273.0;85273.0;85273;85273
scipy_ptf1;requested;original_deployed_operations;10;85273.0;85273.0;85273.0;85273;85273
scipy_ptf1;requested;original_invocations;10;95293.0;95293.0;95293.0;95293;95293
scipy_ptf1;requested;original_operation_dataflows;10;66784.0;66784.0;66784.0;66784;66784
scipy_ptf1;requested;original_storage_dataflows;10;3052.0;3052.0;3052.0;3052;3052
scipy_ptf1;requested;original_statistics_entries;10;79186.0;79186.0;79186.0;79186;79186
scipy_ptf1;requested;original_source_entries;10;478.0;478.0;478.0;478;478
scipy_ptf1;requested;final_component_types;10;31.0;31.0;31.0;31;31
scipy_ptf1;requested;final_assembly_components;10;31.0;31.0;31.0;31;31
scipy_ptf1;requested;final_deployed_components;10;31.0;31.0;31.0;31;31
scipy_ptf1;requested;final_operation_types;10;24601.0;24601.0;24601.0;24601;24601
scipy_ptf1;requested;final_assembly_operations;10;24601.0;24601.0;24601.0;24601;24601
scipy_ptf1;requested;final_deployed_operations;10;24601.0;24601.0;24601.0;24601;24601
scipy_ptf1;requested;final_invocations;10;21316.0;21316.0;21316.0;21316;21316
scipy_ptf1;requested;final_operation_dataflows;10;384.0;384.0;384.0;384;384
scipy_ptf1;requested;final_storage_dataflows;10;212.0;212.0;212.0;212;212
scipy_ptf1;requested;final_statistics_entries;10;17637.0;17637.0;17637.0;17637;17637
scipy_ptf1;requested;final_source_entries;10;164.0;164.0;164.0;164;164
scipy_ptf1;requested;final_invocation_calls;10;36126.0;36126.0;36126.0;36126;36126
scipy_ptf1;requested;original_model_bytes;10;176682586.0;176682586.0;176682586.0;176682586;176682586
scipy_ptf1;requested;model_bytes;10;32979087.0;32979087.0;32979087.0;32979087;32979087
scipy_ptf1;requested;reported_displayed_edges;10;404.0;404.0;404.0;404;404
anytree_identity;requested;workflow_real_s;10;29.755.365;281.246.475;302.168.775;2.657.857;3.337.201
anytree_identity;requested;workflow_user_s;10;8.832.885.000.000.000;828.850.625;8.925.631;7.889.309;9.572.061
anytree_identity;requested;workflow_sys_s;10;0.666567;0.6323135;0.68609925;0.562864;0.736817
anytree_identity;requested;phases_real_s;10;2.969;280.525;301.525;2.652;3.331
anytree_identity;requested;mab_real_s;10;11.295.000.000.000.000;10.867.499.999.999.900;116.025;1.038;1.183
anytree_identity;requested;mab_user_s;10;36.645.000.000.000.000;3.473;37.365;3.279;3.824
anytree_identity;requested;mab_sys_s;10;0.309;0.282;0.3454999999999999;0.266;0.356
anytree_identity;requested;mvis_real_s;10;11.215.000.000.000.000;10.725.000.000.000.000;115.475;0.976;1.197
anytree_identity;requested;mvis_user_s;10;34.764.999.999.999.900;33.422.500.000.000.000;356.175;3.072;3.766
anytree_identity;requested;mvis_sys_s;10;0.287;0.27525;0.303;0.236;0.333
anytree_identity;requested;tulip_real_s;10;0.6805000000000001;0.6472500000000001;0.6964999999999999;0.612;1.076
anytree_identity;requested;tulip_user_s;10;15.985;15.212.499.999.999.900;16.375.000.000.000.000;1.473;2.343
anytree_identity;requested;tulip_sys_s;10;0.0625;0.05825;0.0735;0.018;0.09
anytree_identity;requested;original_component_types;10;85.0;85.0;85.0;85;85
anytree_identity;requested;original_assembly_components;10;85.0;85.0;85.0;85;85
anytree_identity;requested;original_deployed_components;10;93.0;93.0;93.0;93;93
anytree_identity;requested;original_operation_types;10;576.0;576.0;576.0;576;576
anytree_identity;requested;original_assembly_operations;10;576.0;576.0;576.0;576;576
anytree_identity;requested;original_deployed_operations;10;576.0;576.0;576.0;576;576
anytree_identity;requested;original_invocations;10;387.0;387.0;387.0;387;387
anytree_identity;requested;original_operation_dataflows;10;202.0;202.0;202.0;202;202
anytree_identity;requested;original_storage_dataflows;10;53.0;53.0;53.0;53;53
anytree_identity;requested;original_statistics_entries;10;388.0;388.0;388.0;388;388
anytree_identity;requested;original_source_entries;10;224.0;224.0;224.0;224;224
anytree_identity;requested;final_component_types;10;85.0;85.0;85.0;85;85
anytree_identity;requested;final_assembly_components;10;85.0;85.0;85.0;85;85
anytree_identity;requested;final_deployed_components;10;93.0;93.0;93.0;93;93
anytree_identity;requested;final_operation_types;10;576.0;576.0;576.0;576;576
anytree_identity;requested;final_assembly_operations;10;576.0;576.0;576.0;576;576
anytree_identity;requested;final_deployed_operations;10;576.0;576.0;576.0;576;576
anytree_identity;requested;final_invocations;10;387.0;387.0;387.0;387;387
anytree_identity;requested;final_operation_dataflows;10;202.0;202.0;202.0;202;202
anytree_identity;requested;final_storage_dataflows;10;53.0;53.0;53.0;53;53
anytree_identity;requested;final_statistics_entries;10;388.0;388.0;388.0;388;388
anytree_identity;requested;final_source_entries;10;224.0;224.0;224.0;224;224
anytree_identity;requested;original_model_bytes;10;937572.0;937572.0;937572.0;937572;937572
anytree_identity;requested;model_bytes;10;977868.0;977868.0;977868.0;977868;977868
anytree_identity;requested;reported_displayed_edges;10;172.0;172.0;172.0;172;172
scipy_identity;requested;workflow_real_s;10;201.651.465;19.963.484.350.000.000;20.594.937.025.000.000;197.538.913;222.752.132
scipy_identity;requested;workflow_user_s;10;27.624.953.600.000.000;2.706.775.245;2.854.235.715;264.919.889;342.874.016
scipy_identity;requested;workflow_sys_s;10;13.799.913.499.999.900;13.560.526.750.000.000;14.859.793.250.000.000;13.307.326;15.279.626
scipy_identity;requested;phases_real_s;10;201.621;199.607;20.591.975.000.000.000;197.511;222.719
scipy_identity;requested;mab_real_s;10;15.690.999.999.999.900;1.545.125;16.112.499.999.999.900;14.776;16.895
scipy_identity;requested;mab_user_s;10;284.335;27.78;28.689.999.999.999.900;26.258;30.623
scipy_identity;requested;mab_sys_s;10;6.846.500.000.000.000;6.737;72.735;Jun 65;7.466
scipy_identity;requested;mvis_real_s;10;44.503;43.917.500.000.000.000;45.254.999.999.999.900;39.966;48.06
scipy_identity;requested;mvis_user_s;10;55.248;54.070.249.999.999.900;5.683.525;50.041;59.313
scipy_identity;requested;mvis_sys_s;10;6.330.500.000.000.000;624.975;665.425;6.063;7.023
scipy_identity;requested;tulip_real_s;10;1.413.865;140.65;1.447.665;138.68;161.382
scipy_identity;requested;tulip_user_s;10;19.115.800.000.000.000;18.858.825.000.000.000;2.013.495;184.339;256.701
scipy_identity;requested;tulip_sys_s;10;0.5505;0.507;0.602;0.43;1.908
scipy_identity;requested;original_component_types;10;1443.0;1443.0;1443.0;1443;1443
scipy_identity;requested;original_assembly_components;10;1443.0;1443.0;1443.0;1443;1443
scipy_identity;requested;original_deployed_components;10;1444.0;1444.0;1444.0;1444;1444
scipy_identity;requested;original_operation_types;10;85273.0;85273.0;85273.0;85273;85273
scipy_identity;requested;original_assembly_operations;10;85273.0;85273.0;85273.0;85273;85273
scipy_identity;requested;original_deployed_operations;10;85273.0;85273.0;85273.0;85273;85273
scipy_identity;requested;original_invocations;10;95293.0;95293.0;95293.0;95293;95293
scipy_identity;requested;original_operation_dataflows;10;66784.0;66784.0;66784.0;66784;66784
scipy_identity;requested;original_storage_dataflows;10;3052.0;3052.0;3052.0;3052;3052
scipy_identity;requested;original_statistics_entries;10;79186.0;79186.0;79186.0;79186;79186
scipy_identity;requested;original_source_entries;10;478.0;478.0;478.0;478;478
scipy_identity;requested;final_component_types;10;1443.0;1443.0;1443.0;1443;1443
scipy_identity;requested;final_assembly_components;10;1443.0;1443.0;1443.0;1443;1443
scipy_identity;requested;final_deployed_components;10;1444.0;1444.0;1444.0;1444;1444
scipy_identity;requested;final_operation_types;10;85273.0;85273.0;85273.0;85273;85273
scipy_identity;requested;final_assembly_operations;10;85273.0;85273.0;85273.0;85273;85273
scipy_identity;requested;final_deployed_operations;10;85273.0;85273.0;85273.0;85273;85273
scipy_identity;requested;final_invocations;10;95293.0;95293.0;95293.0;95293;95293
scipy_identity;requested;final_operation_dataflows;10;66784.0;66784.0;66784.0;66784;66784
scipy_identity;requested;final_storage_dataflows;10;3052.0;3052.0;3052.0;3052;3052
scipy_identity;requested;final_statistics_entries;10;79186.0;79186.0;79186.0;79186;79186
scipy_identity;requested;final_source_entries;10;478.0;478.0;478.0;478;478
scipy_identity;requested;original_model_bytes;10;176682586.0;176682586.0;176682586.0;176682586;176682586
scipy_identity;requested;model_bytes;10;181556620.0;181556620.0;181556620.0;181556620;181556620
scipy_identity;requested;reported_displayed_edges;10;10032.0;10032.0;10032.0;10032;10032
numpy_cf_qta85_qtf85;requested;workflow_real_s;10;197.145.625;1.941.231.375;19.937.725.750.000.000;18.695.627;23.140.088
numpy_cf_qta85_qtf85;requested;workflow_user_s;10;500.495.425;485.270.745;52.592.448.000.000.000;46.318.409;63.247.657
numpy_cf_qta85_qtf85;requested;workflow_sys_s;10;48.263.750.000.000.000;4.756.723;4.924.138.500.000.000;4.501.133;5.737.421
numpy_cf_qta85_qtf85;requested;phases_real_s;10;196.945;1.940.075;199.255;18.683;23.127
numpy_cf_qta85_qtf85;requested;mab_real_s;10;11.061;107.195;113.575;10.567;12.423
numpy_cf_qta85_qtf85;requested;mab_user_s;10;27.246.499.999.999.900;2.694.575;2.873.525;25.485;31.255
numpy_cf_qta85_qtf85;requested;mab_sys_s;10;3.417;3.197;34.854.999.999.999.900;2.925;3.701
numpy_cf_qta85_qtf85;requested;mvis_real_s;10;5.061;45.607.500.000.000.000;54.632.499.999.999.900;4.331;5.653
numpy_cf_qta85_qtf85;requested;mvis_user_s;10;12.338.000.000.000.000;11.608;12.966;11.211;15.368
numpy_cf_qta85_qtf85;requested;mvis_sys_s;10;1.209;115.725;13.835;1.134;1.582
numpy_cf_qta85_qtf85;requested;tulip_real_s;10;34.575;33.417.499.999.999.900;38.605;Mrz 28;5.051
numpy_cf_qta85_qtf85;requested;tulip_user_s;10;94.285;859.825;1.121.425;8.221;17.558
numpy_cf_qta85_qtf85;requested;tulip_sys_s;10;0.1935;0.147;0.22225;0.123;0.659
numpy_cf_qta85_qtf85;requested;original_component_types;10;638.0;638.0;638.0;638;638
numpy_cf_qta85_qtf85;requested;original_assembly_components;10;638.0;638.0;638.0;638;638
numpy_cf_qta85_qtf85;requested;original_deployed_components;10;638.0;638.0;638.0;638;638
numpy_cf_qta85_qtf85;requested;original_operation_types;10;39073.0;39073.0;39073.0;39073;39073
numpy_cf_qta85_qtf85;requested;original_assembly_operations;10;39073.0;39073.0;39073.0;39073;39073
numpy_cf_qta85_qtf85;requested;original_deployed_operations;10;39073.0;39073.0;39073.0;39073;39073
numpy_cf_qta85_qtf85;requested;original_invocations;10;47267.0;47267.0;47267.0;47267;47267
numpy_cf_qta85_qtf85;requested;original_operation_dataflows;10;23895.0;23895.0;23895.0;23895;23895
numpy_cf_qta85_qtf85;requested;original_storage_dataflows;10;1343.0;1343.0;1343.0;1343;1343
numpy_cf_qta85_qtf85;requested;original_statistics_entries;10;10910.0;10910.0;10910.0;10910;10910
numpy_cf_qta85_qtf85;requested;original_source_entries;10;0.0;0.0;0.0;0;0
numpy_cf_qta85_qtf85;requested;final_component_types;10;108.0;108.0;108.0;108;108
numpy_cf_qta85_qtf85;requested;final_assembly_components;10;108.0;108.0;108.0;108;108
numpy_cf_qta85_qtf85;requested;final_deployed_components;10;108.0;108.0;108.0;108;108
numpy_cf_qta85_qtf85;requested;final_operation_types;10;25969.0;25969.0;25969.0;25969;25969
numpy_cf_qta85_qtf85;requested;final_assembly_operations;10;25969.0;25969.0;25969.0;25969;25969
numpy_cf_qta85_qtf85;requested;final_deployed_operations;10;25969.0;25969.0;25969.0;25969;25969
numpy_cf_qta85_qtf85;requested;final_invocations;10;35361.0;35361.0;35361.0;35361;35361
numpy_cf_qta85_qtf85;requested;final_operation_dataflows;10;12344.0;12344.0;12344.0;12344;12344
numpy_cf_qta85_qtf85;requested;final_storage_dataflows;10;617.0;617.0;617.0;617;617
numpy_cf_qta85_qtf85;requested;final_statistics_entries;10;9680.0;9680.0;9680.0;9680;9680
numpy_cf_qta85_qtf85;requested;final_source_entries;10;0.0;0.0;0.0;0;0
numpy_cf_qta85_qtf85;requested;final_invocation_calls;10;23140.0;23140.0;23140.0;23140;23140
numpy_cf_qta85_qtf85;requested;original_model_bytes;10;70500814.0;70500814.0;70500814.0;70500814;70500814
numpy_cf_qta85_qtf85;requested;model_bytes;10;47371749.0;47371749.0;47371749.0;47371749;47371749
numpy_cf_qta85_qtf85;requested;reported_displayed_edges;10;2377.0;2377.0;2377.0;2377;2377
anytree_cluster;requested;workflow_real_s;10;31.042.935;277.254.575;329.584.875;2.675.931;3.917.448
anytree_cluster;requested;workflow_user_s;10;8.871.272.999.999.990;8.023.928.249.999.990;9.407.240.999.999.990;7.847.224;12.063.252
anytree_cluster;requested;workflow_sys_s;10;0.6491695;0.6445455;0.737892;0.551739;1.049.504
anytree_cluster;requested;phases_real_s;10;3.097;27.655.000.000.000.000;32.887.499.999.999.900;2.669;3.911
anytree_cluster;requested;mab_real_s;10;12.865.000.000.000.000;12.257.500.000.000.000;140.475;1.203;2.167
anytree_cluster;requested;mab_user_s;10;43.855;4.104;479.825;3.847;7.841
anytree_cluster;requested;mab_sys_s;10;0.3335;0.3195;0.35950000000000004;0.294;0.678
anytree_cluster;requested;mvis_real_s;10;10.310.000.000.000.000;0.9592499999999999;115.775;0.916;1.266
anytree_cluster;requested;mvis_user_s;10;31.615;284.625;327.075;2.705;3.636
anytree_cluster;requested;mvis_sys_s;10;0.258;0.23475000000000001;0.28174999999999994;0.195;0.328
anytree_cluster;requested;tulip_real_s;10;0.6174999999999999;0.56875;0.6795;0.531;0.954
anytree_cluster;requested;tulip_user_s;10;10.635;101.025;13.210.000.000.000.000;0.972;1.587
anytree_cluster;requested;tulip_sys_s;10;0.0615;0.057;0.08900000000000001;0.039;0.11
anytree_cluster;requested;original_component_types;10;85.0;85.0;85.0;85;85
anytree_cluster;requested;original_assembly_components;10;85.0;85.0;85.0;85;85
anytree_cluster;requested;original_deployed_components;10;93.0;93.0;93.0;93;93
anytree_cluster;requested;original_operation_types;10;576.0;576.0;576.0;576;576
anytree_cluster;requested;original_assembly_operations;10;576.0;576.0;576.0;576;576
anytree_cluster;requested;original_deployed_operations;10;576.0;576.0;576.0;576;576
anytree_cluster;requested;original_invocations;10;387.0;387.0;387.0;387;387
anytree_cluster;requested;original_operation_dataflows;10;202.0;202.0;202.0;202;202
anytree_cluster;requested;original_storage_dataflows;10;53.0;53.0;53.0;53;53
anytree_cluster;requested;original_statistics_entries;10;388.0;388.0;388.0;388;388
anytree_cluster;requested;original_source_entries;10;224.0;224.0;224.0;224;224
anytree_cluster;requested;final_component_types;10;85.0;85.0;85.0;85;85
anytree_cluster;requested;final_assembly_components;10;85.0;85.0;85.0;85;85
anytree_cluster;requested;final_deployed_components;10;93.0;93.0;93.0;93;93
anytree_cluster;requested;final_operation_types;10;576.0;576.0;576.0;576;576
anytree_cluster;requested;final_assembly_operations;10;576.0;576.0;576.0;576;576
anytree_cluster;requested;final_deployed_operations;10;576.0;576.0;576.0;576;576
anytree_cluster;requested;final_invocations;10;387.0;387.0;387.0;387;387
anytree_cluster;requested;final_operation_dataflows;10;202.0;202.0;202.0;202;202
anytree_cluster;requested;final_storage_dataflows;10;53.0;53.0;53.0;53;53
anytree_cluster;requested;final_statistics_entries;10;388.0;388.0;388.0;388;388
anytree_cluster;requested;final_source_entries;10;224.0;224.0;224.0;224;224
anytree_cluster;requested;final_invocation_calls;10;727.0;727.0;727.0;727;727
anytree_cluster;requested;original_model_bytes;10;937572.0;937572.0;937572.0;937572;937572
anytree_cluster;requested;model_bytes;10;939499.0;939499.0;939499.0;939499;939499
anytree_cluster;requested;reported_displayed_edges;10;172.0;172.0;172.0;172;172
numpy_pd0;requested;workflow_real_s;10;7.892.675;777.809.675;806.098.175;714.921;10.203.668
numpy_pd0;requested;workflow_user_s;10;210.981.905;205.051;21.908.203.500.000.000;18.421.229;26.932.244
numpy_pd0;requested;workflow_sys_s;10;2.102.036;199.442.075;213.512.925;1.873.769;2.577.792
numpy_pd0;requested;phases_real_s;10;78.855;77.715.000.000.000.000;805.375;7.142;10.195
numpy_pd0;requested;mab_real_s;10;61.185;6.027.749.999.999.990;6.229;5.482;7.974
numpy_pd0;requested;mab_user_s;10;15.880.500.000.000.000;1.560.925;164.975;13.783;20. Mrz
numpy_pd0;requested;mab_sys_s;10;18.014.999.999.999.900;16.684.999.999.999.900;18.450.000.000.000.000;1.601;2.206
numpy_pd0;requested;mvis_real_s;10;0.9915;0.98925;1.013;0.931;Jan 18
numpy_pd0;requested;mvis_user_s;10;29.975;29.307.499.999.999.900;30.495;2.737;3.464
numpy_pd0;requested;mvis_sys_s;10;0.239;0.2195;0.2445;0.198;0.272
numpy_pd0;requested;tulip_real_s;10;0.768;0.75625;0.82125;0.729;1.041
numpy_pd0;requested;tulip_user_s;10;20.380.000.000.000.000;19.415;22.255.000.000.000.000;1.898;3.514
numpy_pd0;requested;tulip_sys_s;10;0.06;0.04475;0.0925;0.038;0.097
numpy_pd0;requested;original_component_types;10;638.0;638.0;638.0;638;638
numpy_pd0;requested;original_assembly_components;10;638.0;638.0;638.0;638;638
numpy_pd0;requested;original_deployed_components;10;638.0;638.0;638.0;638;638
numpy_pd0;requested;original_operation_types;10;39073.0;39073.0;39073.0;39073;39073
numpy_pd0;requested;original_assembly_operations;10;39073.0;39073.0;39073.0;39073;39073
numpy_pd0;requested;original_deployed_operations;10;39073.0;39073.0;39073.0;39073;39073
numpy_pd0;requested;original_invocations;10;47267.0;47267.0;47267.0;47267;47267
numpy_pd0;requested;original_operation_dataflows;10;23895.0;23895.0;23895.0;23895;23895
numpy_pd0;requested;original_storage_dataflows;10;1343.0;1343.0;1343.0;1343;1343
numpy_pd0;requested;original_statistics_entries;10;10910.0;10910.0;10910.0;10910;10910
numpy_pd0;requested;original_source_entries;10;0.0;0.0;0.0;0;0
numpy_pd0;requested;final_component_types;10;46.0;46.0;46.0;46;46
numpy_pd0;requested;final_assembly_components;10;46.0;46.0;46.0;46;46
numpy_pd0;requested;final_deployed_components;10;46.0;46.0;46.0;46;46
numpy_pd0;requested;final_operation_types;10;46.0;46.0;46.0;46;46
numpy_pd0;requested;final_assembly_operations;10;46.0;46.0;46.0;46;46
numpy_pd0;requested;final_deployed_operations;10;46.0;46.0;46.0;46;46
numpy_pd0;requested;final_invocations;10;456.0;456.0;456.0;456;456
numpy_pd0;requested;final_operation_dataflows;10;307.0;307.0;307.0;307;307
numpy_pd0;requested;final_storage_dataflows;10;276.0;276.0;276.0;276;276
numpy_pd0;requested;final_statistics_entries;10;287.0;287.0;287.0;287;287
numpy_pd0;requested;final_source_entries;10;0.0;0.0;0.0;0;0
numpy_pd0;requested;final_invocation_calls;10;23885.0;23885.0;23885.0;23885;23885
numpy_pd0;requested;original_model_bytes;10;70500814.0;70500814.0;70500814.0;70500814;70500814
numpy_pd0;requested;model_bytes;10;1000866.0;1000866.0;1000866.0;1000866;1000866
numpy_pd0;requested;reported_displayed_edges;10;456.0;456.0;456.0;456;456
scipy_pta25;requested;workflow_real_s;10;237.126.495;23.237.447.250.000.000;2.418.668.375;22.904.159;32.951.565
scipy_pta25;requested;workflow_user_s;10;469.812.985;45.278.251;48.109.226.500.000.000;42.854.992;67.801.137
scipy_pta25;requested;workflow_sys_s;10;5.237.642;50.835.245;5.530.544.750.000.000;4.680.377;7.638.311
scipy_pta25;requested;phases_real_s;10;23.704;23.229.750.000.000.000;241.795;22.896;32.938
scipy_pta25;requested;mab_real_s;10;20.849;20.611.000.000.000.000;21.722.499.999.999.900;20.171;29.245
scipy_pta25;requested;mab_user_s;10;37.703;35.94;4.024.925;35.199;56.395
scipy_pta25;requested;mab_sys_s;10;4.554;4.509;4.898.999.999.999.990;4.127;6.735
scipy_pta25;requested;mvis_real_s;10;1.791;1.743;18.722.499.999.999.900;1.673;2.638
scipy_pta25;requested;mvis_user_s;10;59.125;574.975;6.273.999.999.999.990;5.595;8.952
scipy_pta25;requested;mvis_sys_s;10;0.5375000000000001;0.5045;0.57725;0.469;0.785
scipy_pta25;requested;tulip_real_s;10;0.737;0.6667500000000001;10.172.499.999.999.900;0.636;1.203
scipy_pta25;requested;tulip_user_s;10;1.823;1.587;32.675;1.512;5.899
scipy_pta25;requested;tulip_sys_s;10;0.07200000000000001;0.058750000000000004;0.08525;0.047;0.112
scipy_pta25;requested;original_component_types;10;1443.0;1443.0;1443.0;1443;1443
scipy_pta25;requested;original_assembly_components;10;1443.0;1443.0;1443.0;1443;1443
scipy_pta25;requested;original_deployed_components;10;1444.0;1444.0;1444.0;1444;1444
scipy_pta25;requested;original_operation_types;10;85273.0;85273.0;85273.0;85273;85273
scipy_pta25;requested;original_assembly_operations;10;85273.0;85273.0;85273.0;85273;85273
scipy_pta25;requested;original_deployed_operations;10;85273.0;85273.0;85273.0;85273;85273
scipy_pta25;requested;original_invocations;10;95293.0;95293.0;95293.0;95293;95293
scipy_pta25;requested;original_operation_dataflows;10;66784.0;66784.0;66784.0;66784;66784
scipy_pta25;requested;original_storage_dataflows;10;3052.0;3052.0;3052.0;3052;3052
scipy_pta25;requested;original_statistics_entries;10;79186.0;79186.0;79186.0;79186;79186
scipy_pta25;requested;original_source_entries;10;478.0;478.0;478.0;478;478
scipy_pta25;requested;final_component_types;10;33.0;33.0;33.0;33;33
scipy_pta25;requested;final_assembly_components;10;33.0;33.0;33.0;33;33
scipy_pta25;requested;final_deployed_components;10;35.0;35.0;35.0;35;35
scipy_pta25;requested;final_operation_types;10;3724.0;3724.0;3724.0;3724;3724
scipy_pta25;requested;final_assembly_operations;10;3724.0;3724.0;3724.0;3724;3724
scipy_pta25;requested;final_deployed_operations;10;3725.0;3725.0;3725.0;3725;3725
scipy_pta25;requested;final_invocations;10;5549.0;5549.0;5549.0;5549;5549
scipy_pta25;requested;final_operation_dataflows;10;403.0;403.0;403.0;403;403
scipy_pta25;requested;final_storage_dataflows;10;578.0;578.0;578.0;578;578
scipy_pta25;requested;final_statistics_entries;10;4969.0;4969.0;4969.0;4969;4969
scipy_pta25;requested;final_source_entries;10;24.0;24.0;24.0;24;24
scipy_pta25;requested;final_invocation_calls;10;147706.0;147706.0;147706.0;147706;147706
scipy_pta25;requested;original_model_bytes;10;176682586.0;176682586.0;176682586.0;176682586;176682586
scipy_pta25;requested;model_bytes;10;8261075.0;8261075.0;8261075.0;8261075;8261075
scipy_pta25;requested;reported_displayed_edges;10;333.0;333.0;333.0;333;333
numpy_identity;requested;workflow_real_s;10;45.009.376;4.451.867;455.860.095;42.945.812;52.417.193
numpy_identity;requested;workflow_user_s;10;82.004.962;8.054.630.499.999.990;857.633.685;74.843.725;98.940.575
numpy_identity;requested;workflow_sys_s;10;5.871.532;577.846.525;5.990.533.000.000.000;5.225.062;7.234.914
numpy_identity;requested;phases_real_s;10;44.994;44.502.750.000.000.000;45.57;42.931;52.398
numpy_identity;requested;mab_real_s;10;74.695;700.075;7.606.750.000.000.000;Jun 76;11.236
numpy_identity;requested;mab_user_s;10;18.063;1.697.875;185.765;15.999;26.005
numpy_identity;requested;mab_sys_s;10;29.234.999.999.999.900;2.823;30.777.499.999.999.900;2.642;4.318
numpy_identity;requested;mvis_real_s;10;11.168;1.068.575;1.127.025;10.389;11.645
numpy_identity;requested;mvis_user_s;10;205.465;197.045;21.026;17.474;21.29
numpy_identity;requested;mvis_sys_s;10;25.700.000.000.000.000;255.775;265.725;2.332;Feb 74
numpy_identity;requested;tulip_real_s;10;26.401.000.000.000.000;26.152;269.705;25.782;29.593
numpy_identity;requested;tulip_user_s;10;432.405;42.939.249.999.999.900;4.635.825;40.701;51.789
numpy_identity;requested;tulip_sys_s;10;0.312;0.267;0.3345;0.24;0.422
numpy_identity;requested;original_component_types;10;638.0;638.0;638.0;638;638
numpy_identity;requested;original_assembly_components;10;638.0;638.0;638.0;638;638
numpy_identity;requested;original_deployed_components;10;638.0;638.0;638.0;638;638
numpy_identity;requested;original_operation_types;10;39073.0;39073.0;39073.0;39073;39073
numpy_identity;requested;original_assembly_operations;10;39073.0;39073.0;39073.0;39073;39073
numpy_identity;requested;original_deployed_operations;10;39073.0;39073.0;39073.0;39073;39073
numpy_identity;requested;original_invocations;10;47267.0;47267.0;47267.0;47267;47267
numpy_identity;requested;original_operation_dataflows;10;23895.0;23895.0;23895.0;23895;23895
numpy_identity;requested;original_storage_dataflows;10;1343.0;1343.0;1343.0;1343;1343
numpy_identity;requested;original_statistics_entries;10;10910.0;10910.0;10910.0;10910;10910
numpy_identity;requested;original_source_entries;10;0.0;0.0;0.0;0;0
numpy_identity;requested;final_component_types;10;638.0;638.0;638.0;638;638
numpy_identity;requested;final_assembly_components;10;638.0;638.0;638.0;638;638
numpy_identity;requested;final_deployed_components;10;638.0;638.0;638.0;638;638
numpy_identity;requested;final_operation_types;10;39073.0;39073.0;39073.0;39073;39073
numpy_identity;requested;final_assembly_operations;10;39073.0;39073.0;39073.0;39073;39073
numpy_identity;requested;final_deployed_operations;10;39073.0;39073.0;39073.0;39073;39073
numpy_identity;requested;final_invocations;10;47267.0;47267.0;47267.0;47267;47267
numpy_identity;requested;final_operation_dataflows;10;23895.0;23895.0;23895.0;23895;23895
numpy_identity;requested;final_storage_dataflows;10;1343.0;1343.0;1343.0;1343;1343
numpy_identity;requested;final_statistics_entries;10;10910.0;10910.0;10910.0;10910;10910
numpy_identity;requested;final_source_entries;10;0.0;0.0;0.0;0;0
numpy_identity;requested;original_model_bytes;10;70500814.0;70500814.0;70500814.0;70500814;70500814
numpy_identity;requested;model_bytes;10;72101336.0;72101336.0;72101336.0;72101336;72101336
numpy_identity;requested;reported_displayed_edges;10;5422.0;5422.0;5422.0;5422;5422
uxsim_pd1;requested;workflow_real_s;10;43.213.665;4.095.034.249.999.990;47.599.545;4.028.928;901.876
uxsim_pd1;requested;workflow_user_s;10;13.766.803;13.166.912.499.999.900;14.739.714;12.613.958;27.318.197
uxsim_pd1;requested;workflow_sys_s;10;10.909.110.000.000.000;0.9953755;1.149.475;0.891692;2.535.097
uxsim_pd1;requested;phases_real_s;10;4.314;40.875;4.753;4.022;9.012
uxsim_pd1;requested;mab_real_s;10;21.285;199.925;21.485.000.000.000.000;1.833;3.932
uxsim_pd1;requested;mab_user_s;10;7.592.499.999.999.990;702.625;779.425;6.565;13.977
uxsim_pd1;requested;mab_sys_s;10;0.5825;0.5387500000000001;0.62675;0.496;1.318
uxsim_pd1;requested;mvis_real_s;10;1.495;135.025;2.065;1.257;4.435
uxsim_pd1;requested;mvis_user_s;10;48.225;438.175;5.716;4.168;12.059
uxsim_pd1;requested;mvis_sys_s;10;0.38449999999999995;0.32625;0.484;0.306;1.144
uxsim_pd1;requested;tulip_real_s;10;0.631;0.60875;0.6435;0.575;1.167
uxsim_pd1;requested;tulip_user_s;10;Jan 27;121.625;13.345.000.000.000.000;1.149;2.205
uxsim_pd1;requested;tulip_sys_s;10;0.064;0.053;0.0765;0.043;0.102
uxsim_pd1;requested;original_component_types;10;72.0;72.0;72.0;72;72
uxsim_pd1;requested;original_assembly_components;10;72.0;72.0;72.0;72;72
uxsim_pd1;requested;original_deployed_components;10;78.0;78.0;78.0;78;78
uxsim_pd1;requested;original_operation_types;10;2247.0;2247.0;2247.0;2247;2247
uxsim_pd1;requested;original_assembly_operations;10;2247.0;2247.0;2247.0;2247;2247
uxsim_pd1;requested;original_deployed_operations;10;2247.0;2247.0;2247.0;2247;2247
uxsim_pd1;requested;original_invocations;10;1353.0;1353.0;1353.0;1353;1353
uxsim_pd1;requested;original_operation_dataflows;10;1389.0;1389.0;1389.0;1389;1389
uxsim_pd1;requested;original_storage_dataflows;10;148.0;148.0;148.0;148;148
uxsim_pd1;requested;original_statistics_entries;10;1352.0;1352.0;1352.0;1352;1352
uxsim_pd1;requested;original_source_entries;10;229.0;229.0;229.0;229;229
uxsim_pd1;requested;final_component_types;10;53.0;53.0;53.0;53;53
uxsim_pd1;requested;final_assembly_components;10;53.0;53.0;53.0;53;53
uxsim_pd1;requested;final_deployed_components;10;55.0;55.0;55.0;55;55
uxsim_pd1;requested;final_operation_types;10;1194.0;1194.0;1194.0;1194;1194
uxsim_pd1;requested;final_assembly_operations;10;1194.0;1194.0;1194.0;1194;1194
uxsim_pd1;requested;final_deployed_operations;10;1196.0;1196.0;1196.0;1196;1196
uxsim_pd1;requested;final_invocations;10;1142.0;1142.0;1142.0;1142;1142
uxsim_pd1;requested;final_operation_dataflows;10;750.0;750.0;750.0;750;750
uxsim_pd1;requested;final_storage_dataflows;10;12.0;12.0;12.0;12;12
uxsim_pd1;requested;final_statistics_entries;10;1142.0;1142.0;1142.0;1142;1142
uxsim_pd1;requested;final_source_entries;10;43.0;43.0;43.0;43;43
uxsim_pd1;requested;final_invocation_calls;10;66140.0;66140.0;66140.0;66140;66140
uxsim_pd1;requested;original_model_bytes;10;3583096.0;3583096.0;3583096.0;3583096;3583096
uxsim_pd1;requested;model_bytes;10;2257210.0;2257210.0;2257210.0;2257210;2257210
uxsim_pd1;requested;reported_displayed_edges;10;179.0;179.0;179.0;179;179
scipy_qtf99;requested;workflow_real_s;10;20.397.683.999.999.900;18.312.108;209.648.895;17.605.821;23.012.404
scipy_qtf99;requested;workflow_user_s;10;458.744.715;41.481.375;49.493.748.000.000.000;39.873.478;54.753.719
scipy_qtf99;requested;workflow_sys_s;10;61.333.115;572.284.775;637.188.975;5.414.027;7.228.552
scipy_qtf99;requested;phases_real_s;10;20.389.000.000.000.000;1.830.425;2.095.625;17.597;23.003
scipy_qtf99;requested;mab_real_s;10;166.755;1.532.975;17.174.500.000.000.000;14.868;19.379
scipy_qtf99;requested;mab_user_s;10;355.085;3.328.825;387.505;31.592;42.856
scipy_qtf99;requested;mab_sys_s;10;5.272;495.725;53.245.000.000.000.000;4.697;5.836
scipy_qtf99;requested;mvis_real_s;10;25.845.000.000.000.000;2.361;26.654.999.999.999.900;2.197;3.097
scipy_qtf99;requested;mvis_user_s;10;82.805;7.518.750.000.000.000;90.375;Jun 93;9.825
scipy_qtf99;requested;mvis_sys_s;10;0.733;0.6929999999999998;0.77675;0.634;0.997
scipy_qtf99;requested;tulip_real_s;10;0.6045;0.5385;0.8205;0.494;02. Apr
scipy_qtf99;requested;tulip_user_s;10;0.9285;0.8252499999999999;105.725;0.725;10.833
scipy_qtf99;requested;tulip_sys_s;10;0.057499999999999996;0.0515;0.079;0.032;1.149
scipy_qtf99;requested;original_component_types;10;1443.0;1443.0;1443.0;1443;1443
scipy_qtf99;requested;original_assembly_components;10;1443.0;1443.0;1443.0;1443;1443
scipy_qtf99;requested;original_deployed_components;10;1444.0;1444.0;1444.0;1444;1444
scipy_qtf99;requested;original_operation_types;10;85273.0;85273.0;85273.0;85273;85273
scipy_qtf99;requested;original_assembly_operations;10;85273.0;85273.0;85273.0;85273;85273
scipy_qtf99;requested;original_deployed_operations;10;85273.0;85273.0;85273.0;85273;85273
scipy_qtf99;requested;original_invocations;10;95293.0;95293.0;95293.0;95293;95293
scipy_qtf99;requested;original_operation_dataflows;10;66784.0;66784.0;66784.0;66784;66784
scipy_qtf99;requested;original_storage_dataflows;10;3052.0;3052.0;3052.0;3052;3052
scipy_qtf99;requested;original_statistics_entries;10;79186.0;79186.0;79186.0;79186;79186
scipy_qtf99;requested;original_source_entries;10;478.0;478.0;478.0;478;478
scipy_qtf99;requested;final_component_types;10;15.0;15.0;15.0;15;15
scipy_qtf99;requested;final_assembly_components;10;15.0;15.0;15.0;15;15
scipy_qtf99;requested;final_deployed_components;10;15.0;15.0;15.0;15;15
scipy_qtf99;requested;final_operation_types;10;17871.0;17871.0;17871.0;17871;17871
scipy_qtf99;requested;final_assembly_operations;10;17871.0;17871.0;17871.0;17871;17871
scipy_qtf99;requested;final_deployed_operations;10;17871.0;17871.0;17871.0;17871;17871
scipy_qtf99;requested;final_invocations;10;9106.0;9106.0;9106.0;9106;9106
scipy_qtf99;requested;final_operation_dataflows;10;27.0;27.0;27.0;27;27
scipy_qtf99;requested;final_storage_dataflows;10;161.0;161.0;161.0;161;161
scipy_qtf99;requested;final_statistics_entries;10;7274.0;7274.0;7274.0;7274;7274
scipy_qtf99;requested;final_source_entries;10;164.0;164.0;164.0;164;164
scipy_qtf99;requested;final_invocation_calls;10;16634.0;16634.0;16634.0;16634;16634
scipy_qtf99;requested;original_model_bytes;10;176682586.0;176682586.0;176682586.0;176682586;176682586
scipy_qtf99;requested;model_bytes;10;18274388.0;18274388.0;18274388.0;18274388;18274388
scipy_qtf99;requested;reported_displayed_edges;10;113.0;113.0;113.0;113;113
scipy_qta99;requested;workflow_real_s;10;29.666.906;294.924.565;29.984.339;28.533.549;30.984.302
scipy_qta99;requested;workflow_user_s;10;602.622.595;5.935.412.025;61.864.607.750.000.000;58.199.996;63.149.682
scipy_qta99;requested;workflow_sys_s;10;6.874.324;666.921.425;7.190.286.749.999.990;6.361.772;757.682
scipy_qta99;requested;phases_real_s;10;29.656;294.805;2.997.225;28.522;30.97
scipy_qta99;requested;mab_real_s;10;237.225;23.022;23.808.999.999.999.900;22.396;24.439
scipy_qta99;requested;mab_user_s;10;41.438.500.000.000.000;407.565;4.250.375;39.315;44.517
scipy_qta99;requested;mab_sys_s;10;54.435;517.475;5.787;4.977;6.006
scipy_qta99;requested;mvis_real_s;10;4.432.499.999.999.990;42.909.999.999.999.900;4.696;4.068;Apr 96
scipy_qta99;requested;mvis_user_s;10;12.779;122.975;13.484;11.253;14.992
scipy_qta99;requested;mvis_sys_s;10;12.894.999.999.999.900;12.522.499.999.999.900;13.305.000.000.000.000;1.218;1.414
scipy_qta99;requested;tulip_real_s;10;16.455.000.000.000.000;16.222.500.000.000.000;184.425;1.511;Feb 13
scipy_qta99;requested;tulip_user_s;10;57.475.000.000.000.000;518.575;63.745;4.991;7.857
scipy_qta99;requested;tulip_sys_s;10;0.15;0.13875;0.164;0.106;0.176
scipy_qta99;requested;original_component_types;10;1443.0;1443.0;1443.0;1443;1443
scipy_qta99;requested;original_assembly_components;10;1443.0;1443.0;1443.0;1443;1443
scipy_qta99;requested;original_deployed_components;10;1444.0;1444.0;1444.0;1444;1444
scipy_qta99;requested;original_operation_types;10;85273.0;85273.0;85273.0;85273;85273
scipy_qta99;requested;original_assembly_operations;10;85273.0;85273.0;85273.0;85273;85273
scipy_qta99;requested;original_deployed_operations;10;85273.0;85273.0;85273.0;85273;85273
scipy_qta99;requested;original_invocations;10;95293.0;95293.0;95293.0;95293;95293
scipy_qta99;requested;original_operation_dataflows;10;66784.0;66784.0;66784.0;66784;66784
scipy_qta99;requested;original_storage_dataflows;10;3052.0;3052.0;3052.0;3052;3052
scipy_qta99;requested;original_statistics_entries;10;79186.0;79186.0;79186.0;79186;79186
scipy_qta99;requested;original_source_entries;10;478.0;478.0;478.0;478;478
scipy_qta99;requested;final_component_types;10;62.0;62.0;62.0;62;62
scipy_qta99;requested;final_assembly_components;10;62.0;62.0;62.0;62;62
scipy_qta99;requested;final_deployed_components;10;64.0;64.0;64.0;64;64
scipy_qta99;requested;final_operation_types;10;17935.0;17935.0;17935.0;17935;17935
scipy_qta99;requested;final_assembly_operations;10;17935.0;17935.0;17935.0;17935;17935
scipy_qta99;requested;final_deployed_operations;10;17936.0;17936.0;17936.0;17936;17936
scipy_qta99;requested;final_invocations;10;29170.0;29170.0;29170.0;29170;29170
scipy_qta99;requested;final_operation_dataflows;10;5350.0;5350.0;5350.0;5350;5350
scipy_qta99;requested;final_storage_dataflows;10;749.0;749.0;749.0;749;749
scipy_qta99;requested;final_statistics_entries;10;24733.0;24733.0;24733.0;24733;24733
scipy_qta99;requested;final_source_entries;10;210.0;210.0;210.0;210;210
scipy_qta99;requested;final_invocation_calls;10;147706.0;147706.0;147706.0;147706;147706
scipy_qta99;requested;original_model_bytes;10;176682586.0;176682586.0;176682586.0;176682586;176682586
scipy_qta99;requested;model_bytes;10;40214592.0;40214592.0;40214592.0;40214592;40214592
scipy_qta99;requested;reported_displayed_edges;10;1419.0;1419.0;1419.0;1419;1419
uxsim_identity;requested;workflow_real_s;10;4.079.161;39.307.377.500.000.000;45.449.725;3.699.147;5.393.878
uxsim_identity;requested;workflow_user_s;10;1.351.296;1.277.643.475;13.922.556;11.823.032;18.573.173
uxsim_identity;requested;workflow_sys_s;10;11.423.554.999.999.900;10.684.475;12.288.152.500.000.000;1.011.964;1.362.782
uxsim_identity;requested;phases_real_s;10;4.072;392.425;45.375;3.693;5.386
uxsim_identity;requested;mab_real_s;10;18.645;17.069.999.999.999.900;200.825;1.625;2.559
uxsim_identity;requested;mab_user_s;10;6.365;5.877;6.945.250.000.000.000;Mai 65;09. Apr
uxsim_identity;requested;mab_sys_s;10;0.6295;0.5732499999999999;0.7235;0.559;0.87
uxsim_identity;requested;mvis_real_s;10;14.780.000.000.000.000;13.955;15.855.000.000.000.000;1.359;1.942
uxsim_identity;requested;mvis_user_s;10;5.016;460.975;520.725;4.426;6.476
uxsim_identity;requested;mvis_sys_s;10;0.4235;0.3855;0.4565;0.371;0.517
uxsim_identity;requested;tulip_real_s;10;0.67;0.656;0.8282499999999999;0.628;1.138
uxsim_identity;requested;tulip_user_s;10;16.555;154.625;2.007;Jan 51;3.361
uxsim_identity;requested;tulip_sys_s;10;0.0645;0.059250000000000004;0.078;0.046;0.106
uxsim_identity;requested;original_component_types;10;72.0;72.0;72.0;72;72
uxsim_identity;requested;original_assembly_components;10;72.0;72.0;72.0;72;72
uxsim_identity;requested;original_deployed_components;10;78.0;78.0;78.0;78;78
uxsim_identity;requested;original_operation_types;10;2247.0;2247.0;2247.0;2247;2247
uxsim_identity;requested;original_assembly_operations;10;2247.0;2247.0;2247.0;2247;2247
uxsim_identity;requested;original_deployed_operations;10;2247.0;2247.0;2247.0;2247;2247
uxsim_identity;requested;original_invocations;10;1353.0;1353.0;1353.0;1353;1353
uxsim_identity;requested;original_operation_dataflows;10;1389.0;1389.0;1389.0;1389;1389
uxsim_identity;requested;original_storage_dataflows;10;148.0;148.0;148.0;148;148
uxsim_identity;requested;original_statistics_entries;10;1352.0;1352.0;1352.0;1352;1352
uxsim_identity;requested;original_source_entries;10;229.0;229.0;229.0;229;229
uxsim_identity;requested;final_component_types;10;72.0;72.0;72.0;72;72
uxsim_identity;requested;final_assembly_components;10;72.0;72.0;72.0;72;72
uxsim_identity;requested;final_deployed_components;10;78.0;78.0;78.0;78;78
uxsim_identity;requested;final_operation_types;10;2247.0;2247.0;2247.0;2247;2247
uxsim_identity;requested;final_assembly_operations;10;2247.0;2247.0;2247.0;2247;2247
uxsim_identity;requested;final_deployed_operations;10;2247.0;2247.0;2247.0;2247;2247
uxsim_identity;requested;final_invocations;10;1353.0;1353.0;1353.0;1353;1353
uxsim_identity;requested;final_operation_dataflows;10;1389.0;1389.0;1389.0;1389;1389
uxsim_identity;requested;final_storage_dataflows;10;148.0;148.0;148.0;148;148
uxsim_identity;requested;final_statistics_entries;10;1352.0;1352.0;1352.0;1352;1352
uxsim_identity;requested;final_source_entries;10;229.0;229.0;229.0;229;229
uxsim_identity;requested;original_model_bytes;10;3583096.0;3583096.0;3583096.0;3583096;3583096
uxsim_identity;requested;model_bytes;10;3702644.0;3702644.0;3702644.0;3702644;3702644
uxsim_identity;requested;reported_displayed_edges;10;200.0;200.0;200.0;200;200
